#GRB	Trigger Julian Date	T90	Redshift	Redshift reference
180111A	2458130.1959	50.6	--	--
180102A	2458121.15954	10.8	--	--
171222A	2458110.18402	174.8	2.409 (GTC: absorption)	 GCN 22272 (GTC)
171216A	2458103.62985	30.0	--	--
171212A	2458099.99816	320.0	--	--
171211A	2458098.89412	2.32	--	--
171209A	2458097.11546	161.7	--	--
171205A	2458092.80605	189.4	0.0368 (VLT: emission & absorption)	 GCN 22180 (VLT)<br><strong>Host:</strong> GCN 22178
171123A	2458081.0936	58.5	--	--
171120A	2458078.05558	64.0	--	--
171115A	2458073.28565	38.2	--	--
171103A	2458061.46565	3.9	--	--
171102B	2458060.13922	17.8	--	--
171027A	2458053.84938	96.6	--	--
171020A	2458047.46331	41.9	1.87 (NOT: absorption)	 GCN 22039 (NOT)
171011A	2458038.27277	2.27	--	--
171010B	2458037.37459	30.4	--	--
171007A	2458033.99836	105.0	--	--
171004A	2458030.83023	107.1	--	--
171001A	2458028.26782	22.8	--	--
170921A	2458018.10333	28.9	--	--
170912B	2458008.77345	19.6	--	--
170912A	2458008.56546	21.9	--	--
170906C	2458002.80992	48.4	--	--
170906A	2458002.52999	88.1	--	--
170903A	2458000.03411	29.2	0.886 (GTC: emission from host)	 GCN 21799 (GTC)<br><strong>Host:</strong> GCN 21799 (GTC)
170827A	2457992.71699	94.0	--	--
170823A	2457989.42833	69.4	--	--
170822A	2457987.88323	64.0	--	--
170813A	2457978.55088	75.5	--	--
170810A	2457976.41784	152.4	--	--
170807A	2457973.41399	48.5	--	--
170804A	2457970.00112	43.4	--	--
170803A	2457969.22948	3.82	--	--
170728B	2457963.46064	47.7	--	--
170728A	2457962.78713	1.25	--	--
170724A	2457958.53384	98.0	--	--
170711A	2457946.43084	31.3	--	--
170710B	2457944.84035	54.4	--	--
170710A	2457944.53176	32.6	--	--
170705A	2457939.61513	217.3	2.010 (GTC: absorption)	 GCN 21298 (GTC)
170629A	2457934.03719	34.4	--	--
170626A	2457930.90096	12.94	--	--
170604A	2457909.2978	26.7	1.329 (GTC: absorption)	 GCN 21197 (GTC)
170531B	2457905.41816	164.13	2.366 (GTC: absorption)<br>Consistent with GTC results (WHT)	 GCN 21177 (GTC); GCN 21209 (WHT)
170531A	2457905.33856	26.74	--	--
170526A	2457900.06606	7.9	--	--
170524B	2457897.94491	46.4	--	--
170524A	2457898.32587	0.1	--	--
170519A	2457892.7153	216.4	0.818 (GTC: absorption)	 GCN 21119 (GTC)
170516A	2457890.03426	36.78	--	--
170428A	2457871.88451	0.2	--	--
170419B	2457863.39845	77.2	--	--
170419A	2457863.06019	8.18	--	--
170405A	2457849.27764	164.7	3.510 (GTC: absorption)	 GCN 20990 (GTC)
170331A	2457843.56998	17.57	--	--
170330A	2457843.4374	144.73	--	--
170325A	2457837.83123	0.3	--	--
170318B	2457831.14435	160.0	--	--
170318A	2457831.00829	133.7	--	--
170317A	2457829.90693	11.94	--	--
170311A	2457823.83937	6.32	--	--
170307A	2457820.35024	56.92	--	--
170306A	2457818.79597	17.8	--	--
170208B	2457793.44002	128.07	--	--
170208A	2457793.25782	7.45	--	--
170206B	2457791.41487	13.36	--	--
170205A	2457790.02719	26.1	--	--
170203A	2457787.50256	45.2	--	--
170202A	2457787.26947	46.2	3.645 (GTC: absorption and emission)<br>3.65 (Xinglong: absorption)<br>3.645 (VLT: absorption and emission)	 GCN 20584 (GTC); GCN 20588 (Xinglong); GCN 20589 (VLT); GCN 20590 (VLT)
170127B	2457781.13435	0.51	--	--
170127A	2457781.09809	62.26	--	--
170126A	2457779.97965	9.5	--	--
170115A	2457769.36815	48.0	--	--
170113A	2457766.9195	20.66	1.968 (VLT: absorption)	 GCN 20458 (VLT)
170112A	2457765.58472	0.06	--	--
170111A	2457764.52324	29.9	--	--
170101A	2457754.6014	2.43	--	--
161224A	2457747.4261	47.04	--	--
161220A	2457742.8566	6.0	--	--
161219B	2457742.28378	6.94	0.1475 (VLT: absorption)<br> 0.1475 (GTC: absorption)	 GCN 20321 (VLT)
161218A	2457740.65806	7.1	--	--
161217A	2457739.56081	18.2	--	--
161214B	2457737.22234	24.8	--	--
161129A	2457721.79976	35.53	0.645 (GTC: emission from host))	 GCN 20245 (GTC)<br><strong>Host:</strong> GCN 20244 (NOT)
161117B	2457709.90953	152.51	--	--
161117A	2457709.56639	125.7	1.549 (VLT: absorption)	 GCN 20180 (VLT)
161113A	2457706.22947	42.6	--	--
161108A	2457700.6476	105.1	1.159 (NOT: absorption & emission)	 GCN 20150 (NOT)<br><strong>Host:</strong> GCN 20150 (NOT)
161105A	2457697.7035	177.3	--	--
161104A	2457696.90447	0.1	--	--
161022A	2457683.61366	7.3	--	--
161017A	2457679.24434	216.3	2.0127 (GTC: absorption)<br>2.01 (TNG: absorption)	 GCN 20069 (GTC); GCN 20077 (GTC); GCN 20078 (TNG)
161014A	2457676.02178	18.3	2.823 (GTC: absorption)<br>2.823 (VLT: absorption)	 GCN 20043 (GTC); GCN 20061 (VLT)
161011A	2457672.74646	4.3	--	--
161007A	2457669.39286	201.7	--	--
161004B	2457666.46388	15.9	--	--
161001A	2457662.54532	2.6	--	--
160927A	2457659.25334	0.48	--	--
160917A	2457648.97939	16.0	--	--
160905A	2457636.9715	64.0	--	--
160827A	2457628.15747	13.3	--	--
160826A	2457626.75877	52.6	--	--
160824A	2457625.4739	99.3	--	--
160821B	2457622.43696	0.48	--	--
160815A	2457615.98971	8.6	--	--
160804A	2457604.56443	144.2	0.736 (VLT: absorption & emission)	 GCN 19773 (VLT)<br><strong>Host:</strong> GCN 19768 (MASTER-SAAO); GCN 19770 (TNG)
160801A	2457601.89479	2.85	--	--
160726A	2457595.56536	0.7	--	--
160716A	2457585.54757	6.39	--	--
160714A	2457583.5967	0.35	--	--
160709A	2457579.32573	4.8	--	--
160705B	2457575.37647	54.4	--	--
160703A	2457573.007	44.4	The detection in all UVOT filters is consistent with a redshift of z < ~1.5	#Problem parsing ref#
160630A	2457569.66955	29.5	--	--
160625A	2457565.4448	53.9	--	--
160624A	2457563.97709	0.2	0.483 (Gemini-North: emission, possible host)	 GCN 19565 (Gemini-North)<br><strong>Host:</strong> GCN 19565 (Gemini-North)
160611A	2457551.40317	34.1	--	--
160607A	2457546.96806	33.4	--	--
160601A	2457541.11322	0.12	--	--
160525B	2457533.89244	0.29	--	--
160519A	2457527.51219	35.57	--	--
160506A	2457514.64531	254.5	--	--
160504A	2457513.31293	53.9	--	--
160501A	2457509.52814	118.0	--	--
160425A	2457504.47652	304.58	0.555 (VLT: emission)	 GCN 19350 (VLT)<br><strong>Host:</strong> GCN 19454 (CTIO)
160424A	2457502.99244	6.3	--	--
160419A	2457498.13654	8.8	--	--
160417A	2457495.68311	15.0	--	--
160412A	2457490.68326	31.6	--	--
160411A	2457489.5617	0.36	--	--
160410A	2457488.71514	8.2	1.717 (VLT: absorption)<br>1.72 (Keck-I: absorption)	 GCN 19274 (VLT); GCN 19278 (Keck-I)
160408A	2457486.76786	0.32	--	--
160327A	2457474.88619	28.0	4.99 (GTC: absorption, probably redshift)	 GCN 19245 (GTC)
160325A	2457472.7917	64.9	--	--
160321A	2457469.16351	33.6	--	--
160314A	2457461.98115	8.73	0.726 (VLT: emission from host)	 GCN 19192 (VLT)
160313A	2457460.6092	42.6	--	--
160303A	2457450.95465	5.0	<2.3 (VLT, redshift limit)	 GCN 19154 (VLT)<br><strong>Host:</strong> GCN 19160 (GTC)
160228A	2457447.23231	98.36	--	--
160227A	2457446.31398	316.5	2.38 (NOT: absorption)	 GCN 19109 (NOT)
160225A	2457444.09787	157.0	--	--
160223A	2457441.57251	127.0	--	--
160220B	2457438.96589	31.4	--	--
160220A	2457438.55932	8.3	--	--
160216A	2457435.29897	11.0	--	--
160203A	2457421.59248	20.2	3.52 (VLT: absorption)	 GCN 18982 (VLT)
160131A	2457418.84758	325.0	0.97 (TNG: absorption)<br>0.972 (GTC: absorption)<br>0.97 (Xinglong: absorption)	 GCN 18965 (TNG); GCN 18966 (GTC); GCN 18969 (Xinglong)
160127A	2457414.86328	6.16	--	--
160123A	2457410.87384	3.95	--	--
160121A	2457409.07682	12.0	1.960 (GTC: absorption)	 GCN 18925 (GTC)
160119A	2457406.62926	116.0	--	--
160117A	2457404.92615	118.58	--	--
160104A	2457391.97512	16.2	--	--
151229A	2457385.78503	1.78	--	--
151228B	2457385.44947	48.0	--	--
151228A	2457384.62861	0.27	--	--
151215A	2457371.62602	17.8	2.59 (NOT: absorption)	 GCN 18696 (NOT)
151210A	2457366.63398	94.9	--	--
151205B	2457362.40502	1.4	--	--
151205A	2457362.15694	62.8	--	--
151127A	2457353.88112	0.19	--	--
151118A	2457344.62951	23.4	--	--
151114A	2457340.91637	4.86	--	--
151112A	2457339.07278	19.32	4.1 (MPG: photometric)	 GCN 18603 (MPG)
151111A	2457337.85652	76.93	3.5 (MPG: photometric)	 GCN 18598 (MPG)
151031A	2457326.7434	5.0	1.167 (VLT: absorption)	 GCN 18540 (VLT)
151029A	2457324.82615	8.95	1.423 (VLT: absorption)	 GCN 18524 (VLT)
151027B	2457323.44491	80.0	4.063 (VLT: absorption)	 GCN 18505 (VLT); GCN 18506 (VLT)
151027A	2457322.66556	129.69	0.38 (XRT: tentative)<br>0.81 (Keck: absorption)<br>0.81 (GMG: absorption)	 GCN 18483 (XRT); GCN 18487 (Keck); GCN 18493 (GMG)
151023A	2457319.07157	10.66	--	--
151022A	2457318.08787	116.7	--	--
151021A	2457316.56194	110.2	2.330 (VLT: absorption)	 GCN 18426 (VLT)
151006A	2457301.91321	203.9	--	--
151004A	2457300.2563	128.4	--	--
151001B	2457297.27056	109.0	--	--
151001A	2457297.12803	8.94	--	--
150925A	2457290.67324	121.0	--	--
150915A	2457281.38778	164.7	1.968 (VLT: absorption)	 GCN 18318 (VLT)
150911A	2457277.27802	7.2	--	--
150910A	2457275.87833	112.2	1.359 (Lick: absorption)<br>1.360 (GTC: absorption)	 GCN 18273 (Lick); GCN 18274 (GTC)
150907B	2457273.4767	62.0	--	--
150901A	2457267.14346	64.0	--	--
150831B	2457266.43017	6.2	--	--
150831A	2457265.94042	1.15	--	--
150821A	2457255.90556	172.1	0.755 (VLT: absorption)	 GCN 18187 (VLT)
150819A	2457253.53481	52.1	--	--
150818A	2457252.9837	123.3	0.282 (GTC: emission from possible host)	 GCN 18177 (GTC)
150817A	2457251.58696	38.8	--	--
150811A	2457245.67094	34.0	--	--
150801B	2457236.44569	426.0	--	--
150728A	2457232.03554	0.83	--	--
150727A	2457231.29308	88.0	0.313 (VLT: emission)	#Problem parsing ref#
150724A	2457227.74068	280.0	--	--
150722A	2457225.9152	67.0	--	--
150720A	2457224.08483	151.0	--	--
150716A	2457219.79633	44.0	--	--
150711A	2457215.26601	64.2	--	--
150710B	2457213.83721	15.0	--	--
150710A	2457213.51947	0.15	--	--
150626B	2457200.34921	48.0	--	--
150626A	2457199.59223	144.0	--	--
150616A	2457190.45091	599.5	--	--
150615A	2457188.69615	27.6	--	--
150607A	2457180.82997	26.3	--	--
150530A	2457172.98771	6.62	--	--
150527A	2457169.78397	112.0	--	--
150513A	2457156.35508	162.0	--	--
150430A	2457142.51491	107.1	--	--
150428B	2457140.63337	130.9	--	--
150428A	2457140.56296	53.2	--	--
150424A	2457136.82149	91.0	<3 (GTC)	 GCN 17758 (GTC)
150423A	2457135.76949	0.22	1.394 (VLT: absorption, tentative)	 GCN 17755 (VLT)
150413A	2457126.07984	263.6	3.2 (CAHA: absorption)<br>3.139 (Asiago: absorption)	 GCN 17697 (CAHA); GCN 17710 (Asiago)
150403A	2457116.41269	40.9	2.06 (VLT: absorption)	 GCN 17672 (VLT)
150402A	2457114.52623	14.0	--	--
150323C	2457105.21205	159.4	--	--
150323A	2457104.61752	149.6	0.593 (Keck I: absorption and emission)	 GCN 17616 (Keck I)
150318A	2457099.79506	83.88	--	--
150317A	2457098.68243	23.29	--	--
150314A	2457095.70505	14.79	1.758 (GTC: absorption)	 GCN 17583 (GTC)
150309A	2457091.46049	242.0	--	--
150302A	2457083.73792	23.74	--	--
150301B	2457083.3181	12.44	1.5169 (VLT: absorption)	 GCN 17523 (VLT)
150301A	2457082.54477	0.48	--	--
150222A	2457076.20602	15.9	--	--
150213B	2457067.43854	181.0	--	--
150212A	2457065.95647	11.4	--	--
150211A	2457064.99457	13.6	--	--
150206A	2457060.10419	83.2	2.087 (VLT: absorption)	 GCN 17420 (VLT)
150204A	2457057.77162	12.0	--	--
150203A	2457056.673	25.8	--	--
150202A	2457056.4653	25.7	--	--
150201A	2457055.07429	26.1	--	--
150120B	2457042.80689	24.3	--	--
150120A	2457042.62345	1.2	0.460 (Gemini-North: emission, possible host)	 GCN 17358 (Gemini-North)
150110B	2457033.42257	10.6	--	--
150103A	2457026.33493	49.1	--	--
150101B	2457024.14097	0.018	0.093 (GTC: emission from host)	 GCN 17278 (GTC)
150101A	2457023.77006	0.06	--	--
141229A	2457020.99238	7.0	--	--
141225A	2457017.45911	40.24	0.915 (GTC: absorption)	 GCN 17234 (GTC)
141221A	2457012.83831	36.9	1.452 (Keck II: absorption, tentative)	 GCN 17228 (Keck II)
141220A	2457011.75199	7.21	1.3195 (GTC: absorption)	 GCN 17198 (GTC)
141212B	2457004.05819	10.5	--	--
141212A	2457004.00973	0.3	0.596 (Gemini-North: emission from likely host)	 GCN 17177 (Gemini-North)<br><strong>Host:</strong> GCN 17177 (Gemini-North)
141205A	2456996.837	1.1	--	--
141130A	2456992.46593	62.9	--	--
141121A	2456982.66022	549.9	1.47 (Keck I: absorption)	 GCN 17081 (Keck I)
141109B	2456970.82476	54.2	--	--
141109A	2456970.743	200.0	2.993 (VLT: absorption)	 GCN 17040 (VLT)
141102A	2456964.03588	2.5	--	--
141031B	2456962.12274	16.0	--	--
141031A	2456961.80447	920.0	--	--
141026A	2456956.60892	146.0	3.35 (GTC: absorption, possible redshift)	 GCN 16968 (GTC)
141022A	2456952.5609	8.72	--	--
141020A	2456950.82545	15.55	--	--
141017A	2456948.26769	55.7	--	--
141015A	2456945.88402	11.0	--	--
141005A	2456935.71743	4.34	--	--
141004A	2456935.47285	3.92	0.57 (NOT: emission)<br>0.573 (GTC: emission)	 GCN 16891 (NOT), GCN 16902 (GTC)
140930B	2456931.32063	0.84	--	--
140927A	2456927.71888	6.26	--	--
140919A	2456920.13559	151.3	--	--
140916A	2456916.94707	80.1	--	--
140907A	2456908.17162	79.2	1.21 (GTC)	 GCN 16797 (GTC)
140903A	2456904.12535	0.3	0.351 (Gemini-North: absorption, tentative host redshift)	 GCN 16774 (Gemini-North)
140901B	2456901.76208	10.0	--	--
140828A	2456897.78766	18.8	--	--
140824A	2456893.86144	3.09	--	--
140818B	2456888.28074	18.1	--	--
140817A	2456886.79307	244.0	--	--
140730A	2456869.32212	41.3	--	--
140719B	2456858.36777	53.0	--	--
140719A	2456857.74578	48.0	--	--
140716A	2456854.93608	104.0	--	--
140713A	2456852.28038	5.3	--	--
140710A	2456848.92824	3.52	0.558 (Gemini-North: emission, host)	 GCN 16570 (Gemini-North)
140709B	2456848.13594	155.0	--	--
140709A	2456847.55117	98.6	--	--
140706A	2456845.31497	48.3	--	--
140703A	2456841.52589	67.1	3.14 (GTC: absorption)	 GCN 16505 (GTC)
140629A	2456838.09549	42.0	2.275 (BTA: absorption)<br>2.29 (TNG: absorption)	 GCN 16489 (BTA); CGN 16493 (TNG)<br><strong>Other:</strong> <a href="http://gcn.gsfc.nasa.gov/reports/report_479_1.pdf">GCN Report 479.1</a
140628A	2456837.0664	10.5	--	--
140626A	2456834.52293	16.4	--	--
140622A	2456830.90005	0.13	~0.959 (VLT: emission from host)	 GCN 16437 (VLT)<br><strong>Host:</strong> GCN 16437 (VLT)
140619A	2456827.98513	233.9	--	--
140614B	2456822.77652	49.8	--	--
140614A	2456822.54513	720.0	4.233 (VLT: absorption)	 GCN 16401 (VLT)
140611A	2456819.66046	1.9	--	--
140607A	2456816.21772	109.9	--	--
140606A	2456814.95709	0.34	--	--
140529A	2456806.89451	4.5	--	--
140521A	2456799.23215	9.88	--	--
140518A	2456795.88734	60.5	4.707 (Gemini-North: absorption)	 GCN 16301 (Gemini-North)
140516A	2456794.35479	0.19	--	--
140515A	2456792.88375	23.4	6.32 (Gemini-North: absorption)	 GCN 16269 (Gemini-North)
140512A	2456790.31376	154.8	0.725 (NOT: absorption)	 GCN 16310 (NOT)
140509A	2456786.59876	23.2	--	--
140506A	2456784.38028	111.1	0.889 (VLT: absorption, host)	 GCN 16217 (VLT)
140502A	2456779.8544	16.9	--	--
140430A	2456778.35667	173.6	1.60 (VLT: absorption)	 GCN16194 (VLT)
140428A	2456776.44502	17.42	~4.7 (Keck I: estimate)	 GCN 16181 (Keck I)
140423A	2456770.85547	134.0	3.26 (Gemini-North: absorption)	 GCN 16150 (Gemini-North)<br><strong>Other:</strong> <a href="http://gcn.gsfc.nasa.gov/reports/report_470_1.pdf">GCN Report 470.1</a
140419A	2456766.67142	94.7	3.956 (Gemini-North: absorption)	 GCN 16125 (Gemini-North)<br><strong>Other:</strong> <a href="http://gcn.gsfc.nasa.gov/reports/report_468_1.pdf">GCN Report 468.1</a
140414A	2456761.7545	0.7	--	--
140413A	2456760.50671	139.6	--	--
140412A	2456760.43112	39.6	--	--
140408A	2456756.05271	4.0	--	--
140402A	2456749.50701	0.031	--	--
140331A	2456747.74292	209.0	--	--
140323A	2456739.93277	104.9	--	--
140320A	2456736.59219	0.45	--	--
140318A	2456734.50633	8.43	1.02 (WHT: emission)	 GCN 17988 (WHT)
140311B	2456728.38506	70.0	--	--
140311A	2456728.37866	71.4	4.95 (Gemini-South: absorption)<br>~ 5 (NOT: absorption)<br>4.954 (Gemini-North)	 GCN 15961 (Gemini-South); GCN 15964 (NOT); GCN 15966 (Gemini-North)
140305A	2456722.12523	13.7	--	--
140304A	2456721.0573	15.6	5.283 (GTC: absorption)<br> 5.28 (NOT: absorption)	 GCN 15922 (GTC); GCN 15924 (NOT); GCN 15936 (GTC)
140302A	2456718.84234	87.5	--	--
140301A	2456718.14223	31.0	1.416 (VLT: absorption)	 GCN 15900 (VLT)<br><strong>Other:</strong> <a href="http://gcn.gsfc.nasa.gov/reports/report_460_1.pdf">GCN Report 460.1</a
140215A	2456703.67164	84.2	--	--
140213A	2456702.30668	60.0	1.2076 (VLT: absorption)	 GCN 15831 (VLT)
140211A	2456700.01601	89.4	--	--
140209A	2456697.81316	21.3	--	--
140206A	2456694.8037	93.6	2.73 (NOT: absorption)<br>2.74 (TNG: absorption)	 GCN 15800 (NOT); GCN 15802 (TNG)<br><strong>Other:</strong> <a href="http://gcn.gsfc.nasa.gov/reports/report_466_1.pdf">GCN Report 466.1</a
140129B	2456687.03552	1.36	--	--
140129A	2456686.64166	2.99	--	--
140118A	2456675.56391	84.15	--	--
140114A	2456671.99838	139.7	3.0 (arXiv:1503.05323v1)	 arXiv:1503.05323v1
140108A	2456666.22132	94.0	--	--
140103A	2456660.52133	17.3	--	--
140102A	2456660.38723	65.0	--	--
131229A	2456655.77736	13.86	--	--
131227A	2456653.69781	18.0	~5.3 (Gemini-North)	 GCN 15624 (Gemini-North)
131226A	2456652.74142	7.2	--	--
131205A	2456631.88794	37.5	--	--
131202A	2456629.13344	30.4	--	--
131128A	2456625.12944	3.0	--	--
131127A	2456623.92471	92.1	--	--
131120A	2456617.10968	131.0	--	--
131117A	2456613.52366	11.0	4.18 (MPG: photometric)<br>4.042 (VLT: absorption)	 GCN 15493 (MPG)<br>GCN 15494 (VLT)
131105A	2456601.58662	112.3	1.686 (VLT: emission & absorption)	 GCN 15450 (VLT)<br><strong>Other:</strong> <a href="http://gcn.gsfc.nasa.gov/reports/report_457_1.pdf">GCN Report 457.1</a
131103A	2456600.42182	17.3	0.599 (VLT: emission & absorption)	 GCN 15451 (VLT)<br><strong>Host:</strong> GCN 15445 (NOT, VLT)
131030A	2456596.37243	41.1	1.293 (NOT: absorption)<br>1.295 (GTC: absorption)	 GCN 15407 (NOT); GCN 15408 (GTC)
131024B	2456590.39966	64.0	--	--
131024A	2456590.01829	112.0	--	--
131018A	2456584.03319	73.22	--	--
131004A	2456570.40351	1.54	0.717 (Magellan: emission)<br>0.71 (TNG: emission)	 GCN 15307 (Magellan); GCN 15310 (TNG)
131002B	2456567.95449	39.1	--	--
131002A	2456567.78774	55.59	--	--
131001A	2456566.73431	4.9	--	--
130929A	2456564.90038	11.1	--	--
130919A	2456554.96347	97.3	--	--
130912A	2456547.8576	0.28	--	--
130831B	2456536.07522	37.8	--	--
130831A	2456536.04463	32.5	0.4791 (Gemini-North: absorption)	 GCN 15144 (Gemini-North)
130829A	2456533.73858	42.56	--	--
130816B	2456520.70391	10.0	--	--
130816A	2456520.57425	29.97	--	--
130812A	2456517.43255	7.6	--	--
130806A	2456510.61913	6.1	--	--
130803A	2456507.91866	44.0	--	--
130727A	2456501.19814	13.57	--	--
130725B	2456499.23574	10.0	--	--
130725A	2456498.98416	101.8	--	--
130719A	2456492.74154	177.7	--	--
130708A	2456481.98824	9.0	--	--
130701A	2456474.67897	4.38	1.155 (VLT: absorption)	 GCN 14956 (VLT)
130627B	2456471.00058	28.6	--	--
130627A	2456470.87156	30.8	--	--
130626A	2456469.95212	0.16	--	--
130625A	2456468.79212	38.1	--	--
130623A	2456466.98802	15.0	--	--
130615A	2456458.90608	304.0	--	--
130612A	2456455.64053	4.0	2.006 (VLT: absorption)	 GCN 14882 (VLT)
130610A	2456453.63348	46.4	2.092 (VLT: absorption)	 GCN 14848 (VLT)
130609B	2456453.40185	210.6	--	--
130609A	2456452.62856	7.0	--	--
130608A	2456452.4683	151.38	--	--
130606A	2456450.37823	276.58	5.91 (GTC: absorption)<br>5.913 (MMT: absorption)<br>5.913 (VLT: absorption)	 GCN 14790 (GTC); GCN 14796 (GTC); GCN 14798 (MMT); GCN 14816 (VLT)<br><strong>Other:</strong> <a href="http://gcn.gsfc.nasa.gov/reports/report_444_1.pdf">GCN Report 444.1</a
130605A	2456449.48729	12.6	--	--
130604A	2456447.7878	37.7	1.06 (Gemini-North: emission)	 GCN 14762 (Gemini-North)<br><strong>Other:</strong> <a href="http://gcn.gsfc.nasa.gov/reports/report_443_1.pdf">GCN Report 443.1</a
130603B	2456447.15919	0.18	0.356 (GTC: absorption & emission)<br>0.356 (Magellan: emission, host)<br>0.356 (Gemini-South: emission)<br>0.3564 (VLT: absorption & emission)	 GCN 14744 (GTC); GCN (Magellan); GCN 14747 (GTC); GCN 14748 (Gemini-South); GCN 14757 (VLT)<br><strong>Host:</strong> GCN 14742 (WHT); GCN 14743 (NOT); GCN 14744 (GTC); GCN (Magellan); GCN 14747 (GTC); GCN 14748 (Gemini-South); GCN 14757 (VLT); GCN 14893 (HST)<br><strong>Other:</strong> <a href="http://gcn.gsfc.nasa.gov/reports/report_442_1.pdf">GCN Report 442.1</a
130603A	2456446.74968	76.0	--	--
130529A	2456441.96904	128.0	--	--
130528A	2456441.19541	59.4	--	--
130527A	2456440.09826	44.0	--	--
130521A	2456434.45088	11.0	--	--
130515A	2456427.55645	0.29	--	--
130514A	2456426.80117	204.0	3.6 (MPG/ESO: photometric)	 GCN 14634 (MPG/ESO)<br><strong>Other:</strong> <a href="http://gcn.gsfc.nasa.gov/reports/report_446_1.pdf">GCN Report 446.1</a
130511A	2456423.97971	5.43	1.3033 (Gemini-North: absorption)	 GCN 14621 (Gemini-North)
130508A	2456421.2145	42.0	--	--
130505A	2456417.84894	88.0	2.27 (Gemini-North: absorption)	 GCN 14567 (Gemini-North)<br><strong>Other:</strong> <a href="http://gcn.gsfc.nasa.gov/reports/report_429_1.pdf">GCN Report 429.1</a
130504A	2456416.5872	50.0	--	--
130502A	2456415.2434	3.0	--	--
130427B	2456410.05603	27.0	2.78 (VLT: tentative)	 GCN 14493 (VLT)
130427A	2456409.82497	162.83	0.34 (Gemini-North: absorption)<br>0.338 (NOT: absorption)<br>0.3399 (VLT: absorption)<br>0.340 (LBT: absorption)<br> 0.3399 (William Herschel: emission, host)<br> 0.3393 (BTA)	 GCN 14455 (Gemini-North); GCN 14478 (NOT); GCN 14491 (VLT); GCN 14605 (LBT); GCN 14617 (William Herschel); GCN 14669 (BTA)<br><strong>Host:</strong> GCN 14617 (William Herschel)
130420B	2456403.03925	10.2	--	--
130420A	2456402.81145	123.5	1.297 (GTC: absorption)	 GCN 14437 (GTC)
130419A	2456402.06284	75.7	--	--
130408A	2456391.41086	28.0	3.758 (VLT: absorption)<br>3.757 (Gemini-South)	 GCN 14365 (VLT); GCN 14366 (Gemini-South)<br><strong>Other:</strong> <a href="http://gcn.gsfc.nasa.gov/reports/report_439_1.pdf">GCN Report 439.1</a
130327A	2456378.5747	9.0	--	--
130315A	2456367.03162	233.4	--	--
130313A	2456365.17235	0.26	--	--
130216B	2456340.29042	3.7	--	--
130216A	2456340.42736	6.5	--	--
130215A	2456338.56354	65.7	0.597 (Lick Shane: absorption)<br>0.58 (GTC: derived)	 GCN 14207 (Lick Shane); GCN 14303 (GTC)<br><strong>Other:</strong> <a href="http://gcn.gsfc.nasa.gov/reports/report_420_1.pdf">GCN Report 420.1</a
130211A	2456334.65037	25.1	--	--
130206A	2456330.31699	128.0	--	--
130131B	2456324.2987	4.3	2.539 (Keck I: emission, host)	 GCB 14286 (Keck I)<br><strong>Host:</strong> GCB 14286 (Keck I)<br><strong>Other:</strong> <a href="http://gcn.gsfc.nasa.gov/reports/report_416_1.pdf">GCN Report 416.1</a
130131A	2456324.08081	51.6	--	--
130122A	2456315.48899	64.0	--	--
130102A	2456295.25756	77.5	--	--
121226A	2456288.29841	1.0	--	--
121217A	2456278.80402	778.0	--	--
121212A	2456273.78904	6.8	--	--
121211A	2456273.07433	182.0	1.023 (Keck I)	 GCN 14059 (Keck I)<br><strong>Other:</strong> <a href="http://gcn.gsfc.nasa.gov/reports/report_415_1.pdf">GCN Report 415.1</a
121209A	2456271.4161	42.7	--	--
121202A	2456263.68061	20.1	--	--
121201A	2456263.01785	85.0	3.385 (VLT: emission  & absorption)	 GCN 14035 (VLT)<br><strong>Other:</strong> <a href="http://gcn.gsfc.nasa.gov/reports/report_404_1.pdf">GCN Report 404.1</a
121128A	2456259.71223	23.3	2.20 (Gemini North: absorption)	 GCN 14009 (Gemini North)<br><strong>Other:</strong> <a href="http://gcn.gsfc.nasa.gov/reports/report_406_1.pdf">GCN Report 406.1</a
121125A	2456256.85587	52.2	--	--
121123A	2456254.91853	317.0	--	--
121117A	2456248.8687	30.0	--	--
121108A	2456240.24142	89.0	--	--
121102A	2456233.60211	24.7	--	--
121031A	2456232.45174	226.0	--	--
121028A	2456228.71147	3.8	--	--
121027A	2456227.81422	62.6	1.773 (arXiv:1302.2352v1)<br>1.77 (Gemini-South: absorption)<br>1.773 (VLT: emission and absorption)	 GCN 13929 (Gemini-South); GCN 13930 (VLT); arXiv:1302.2352v1
121024A	2456224.62236	69.0	2.298 (VLT: absorption)	 GCN 13890 (VLT); GCN 13903 (EVLA)
121017A	2456218.30796	4.2	--	--
121014A	2456215.34162	80.0	--	--
121011A	2456211.9691	75.6	--	--
121001A	2456202.266	147.0	--	--
120927A	2456198.44498	43.0	--	--
120923A	2456193.71951	27.2	--	--
120922A	2456193.43782	173.0	3.1 (MPG/ESO :photometric)	 GCN 13810 (MPG/ESO)
120918A	2456188.96956	25.1	--	--
120913B	2456184.4972	126.0	--	--
120913A	2456184.34608	30.1	--	--
120911A	2456181.7976	17.8	--	--
120907A	2456177.51693	16.9	0.970 (OSIRIS/GTC: absorption)	 GCN 13723 (OSIRIS/GTC)
120819A	2456159.04877	71.0	--	--
120817A	2456156.78451	28.2	--	--
120816A	2456156.30456	7.6	--	--
120815A	2456154.59303	9.7	2.358 (VLT/X-shooter: absorption)	 GCN 13649 (VLT/X-shooter)<br><strong>Other:</strong> <a href="http://gcn.gsfc.nasa.gov/reports/report_387_1.pdf">GCN Report 387.1</a
120811C	2456151.14921	26.8	2.671 (GTC: absorption)<br>2.67 {NOT: absorption)	 GCN 13628 (GTC); GCN 13632 (NOT)<br><strong>Other:</strong> <a href="http://gcn.gsfc.nasa.gov/reports/report_378_1.pdf">GCN Report 378.1</a
120811A	2456150.60785	166.0	--	--
120807A	2456146.79834	20.0	--	--
120805A	2456145.39455	48.0	3.1 (arXiv:1503.05323v1)	 arXiv:1503.05323v1
120804A	2456143.53766	0.81	--	--
120803B	2456142.96257	37.5	--	--
120803A	2456142.80713	10.0	--	--
120802A	2456141.83392	50.0	3.796 (Gemini-North: absorption)	 GCN 13562 (Gemini-North)<br><strong>Other:</strong> <a href="http://gcn.gsfc.nasa.gov/reports/report_380_1.pdf">GCN Report 380.1</a
120729A	2456137.95572	71.5	0.80 (Gemini-North: absorption)	 GCN 13532 (Gemini-North)<br><strong>Other:</strong> <a href="http://gcn.gsfc.nasa.gov/reports/report_384_1.pdf">GCN Report 384.1</a
120728A	2456137.43416	22.06	--	--
120724A	2456132.77711	72.8	1.48 (Gemini-North: absorption, tentative)	 GCN 13512 (Gemini-North)<br><strong>Host:</strong> GCN 13520 (AZT-22)<br><strong>Other:</strong> <a href="http://gcn.gsfc.nasa.gov/reports/report_386_1.pdf">GCN Report 386.1 </a
120722A	2456131.03711	42.4	0.9586 (VLT: emission from host)	 GCN 13507 (VLT)<br><strong>Host:</strong> GCN 13507 (VLT)<br><strong>Other:</strong> <a href="http://gcn.gsfc.nasa.gov/reports/report_382_1.pdf">GCN Report 382.1</a
120714B	2456123.38804	159.0	0.3984 (VLT: absorption)	 GCN 13477 (VLT)
120714A	2456122.82414	16.2	--	--
120712A	2456121.07115	14.7	4.0 (MPG/ESO: photo-z)<br>4.15 (Gemini-South: absorption)<br> 4.1745 (VLT: absorption)	 GCN 13457 (MPG/ESO); GCN 13458 (Gemini-South); GCN 13460 (VLT)
120711B	2456119.63267	60.0	--	--
120703A	2456112.22595	25.2	--	--
120612A	2456090.58703	90.0	--	--
120521C	2456069.47369	26.7	~6.0 (Gemini-North: redshift estimate)	 GCN 13348 (Gemini-North)
120521B	2456068.88042	31.4	--	--
120521A	2456068.74979	0.45	--	--
120514A	2456061.55057	164.4	--	--
120422A	2456039.80003	5.35	0.28 (Gemini-North: emission)<br>0.283 (VLT: emission)	 GCN 13251 (Gemini-North); GCN 13257 (VLT)
120404A	2456022.03544	38.7	2.876 (Gemini-North: absorption)<br>~2.88 (VLT/UT2: absorption)	 GCN 13213 (Gemini-North); GCN 13217 (Gemini-North); GCN 13227 (VLT/UT2)<br><strong>Other:</strong> <a href="http://gcn.gsfc.nasa.gov/reports/report_372_1.pdf">GCN Report 372.1</a
120403B	2456021.3569	7.3	--	--
120403A	2456020.54541	1.25	--	--
120328A	2456014.62939	24.2	--	--
120327A	2456013.62171	62.9	2.81 (Gemini-South: absorption)<br>2.813 (VLT/UT2: absorption)<br> 2.813 (GTC: absorption)	 GCN 13133 (Gemini-South); GCN 13134 (VLT/UT2); GCN 13146 (GTC)
120326A	2456012.55589	69.6	1.798 (GTC: absorption)	 GCN 13118 (GTC)<br><strong>Other:</strong> <a href="http://gcn.gsfc.nasa.gov/reports/report_409_1.pdf">GCN Report 409.1</a
120324A	2456010.74943	118.0	--	--
120320A	2456006.9974	25.74	--	--
120312A	2455999.17116	14.2	--	--
120311B	2455998.13067	28.2	--	--
120311A	2455997.73169	3.5	--	--
120308A	2455994.75947	60.6	--	--
120305A	2455992.31771	0.1	--	--
120229A	2455987.10777	0.22	--	--
120224A	2455981.6944	8.13	--	--
120219A	2455977.10426	90.5	--	--
120218A	2455975.53428	27.5	--	--
120215A	2455972.52865	26.5	--	--
120213A	2455970.51897	48.9	--	--
120212A	2455969.88289	5.52	--	--
120211A	2455968.99894	61.7	--	--
120121A	2455947.90439	26.1	--	--
120119A	2455945.66979	253.8	1.728 (Gemini-South: absorption)<br>1.73 (Lick: absorption)<br>1.728 (MMT: absorption)	 GCN 12865 (Gemini-South); GCN 12866 (Lick); GCN 12867 (MMT)
120118B	2455945.20858	23.26	2.943 (Keck I: emission)	 GCN 14225 (VLT)<br><strong>Host:</strong> GCN 14225 (Keck I)<br><strong>Other:</strong> <a href="http://gcn.gsfc.nasa.gov/reports/report_373_1.pdf">GCN Report 373.1</a
120116A	2455943.25449	41.0	--	--
120106A	2455933.09472	61.6	--	--
120102A	2455928.59439	38.7	--	--
111229A	2455925.44296	25.4	1.3805 (Gemini-South: absorption)	 GCN 12777 (Gemini-South)<br><strong>Other:</strong> <a href="http://gcn.gsfc.nasa.gov/reports/report_353_1.pdf">GCN Report 353.1</a
111228A	2455924.15605	101.2	0.714 (MMT: absorption)<br>0.716 (Gemini-South: absorption)<br> 0.7156 (TNG: absorption)<br>0.713 (NOT: absorption)<br>0.71627 (VLT: absorption)	 GCN 12759 (MMT); GCN 12761 (Gemini-South); GCN 12764 (NOT); GCN12770 (VLT)<br><strong>Other:</strong> <a href="http://gcn.gsfc.nasa.gov/reports/report_367_1.pdf">GCN Report 367.1</a
111225A	2455920.66015	106.8	0.297 (GTC: absorption)	 GCN 16079 (GTC)<br><strong>Other:</strong> <a href="http://gcn.gsfc.nasa.gov/reports/report_408_1.pdf">GCN Report 408.1</a
111215A	2455911.0862	796.0	--	--
111210A	2455906.10906	2.52	--	--
111207A	2455903.09513	3.0	--	--
111204A	2455900.06769	48.0	--	--
111129A	2455895.17933	7.6	--	--
111126A	2455892.29007	0.8	--	--
111123A	2455889.25927	290.0	3.1516 (VLT: emission from host)	 GCN 14273 (VLT)<br><strong>Host:</strong> GCN 14273 (Keck I)
111121A	2455887.185	119.0	--	--
111117A	2455883.0095	0.47	--	--
111109A	2455874.62345	13.0	--	--
111107A	2455872.535	26.6	2.893 (Gemini-South: absorption)<br> Consistent with Gemini-South (VLT: absorption)	 GCN 12537 (Gemini-South); GCN 12542 (VLT)<br><strong>Other:</strong> <a href="http://gcn.gsfc.nasa.gov/reports/report_351_1.pdf">GCN Report 351.1</a
111103B	2455868.95767	167.0	--	--
111103A	2455868.94112	11.6	--	--
111029A	2455863.90602	7.6	--	--
111026A	2455860.78297	3.62	--	--
111022B	2455857.21741	79.1	--	--
111022A	2455857.17157	24.7	--	--
111020A	2455854.77348	0.4	--	--
111018A	2455853.22667	36.0	--	--
111016A	2455851.27574	550.0	--	--
111008A	2455843.42567	63.46	5.0 (Gemini-South: absorption)<br>4.9898 (VLT: absorption)	 GCN 12429 (Gemini-South); GCN 12431 (VLT)
111005A	2455839.83697	26.0	--	--
110928A	2455832.57744	26.7	--	--
110921A	2455826.07731	48.0	--	--
110915A	2455820.05606	78.76	--	--
110827A	2455800.5013	8.5	--	--
110820A	2455794.23503	256.0	--	--
110818A	2455792.35959	103.0	3.36 (VLT: absorption)	 GCN 12284 (VLT)
110808A	2455781.76313	48.0	1.348 (VLT: emission)	 GCN 12258 (VLT)<br><strong>Other:</strong> <a href="http://gcn.gsfc.nasa.gov/reports/report_341_1.pdf">GCN Report 341.1</a
110801A	2455775.32618	385.0	1.858 (GTC: absorption)	 GCN 12234 (GTC)<br><strong>Other:</strong> <a href="http://gcn.gsfc.nasa.gov/reports/report_346_1.pdf">GCN Report 346.1</a
110731A	2455773.96493	38.8	2.83 (Gemini-North: absorption)	 GCN 12225 (Gemini-North)<br><strong>Other:</strong> <a href="http://gcn.gsfc.nasa.gov/reports/report_343_1.pdf">GCN Report 343.1</a
110726A	2455768.56296	5.2	1.036 < z < 2.7 (Gemini-North)	 GCN 12202 (Gemini-North)<br><strong>Other:</strong> <a href="http://gcn.gsfc.nasa.gov/reports/report_375_1.pdf">GCN Report 375.1</a
110719A	2455761.75638	41.0	--	--
110715A	2455758.05127	13.0	0.82 (VLT: absorption)	 GCN 12164 (VLT)<br><strong>Other:</strong> <a href="http://gcn.gsfc.nasa.gov/reports/report_340_1.pdf">GCN Report 340.1</a
110709B	2455752.39767	55.6	--	--
110709A	2455752.142	44.7	--	--
110625A	2455738.38088	44.5	--	--
110610A	2455723.13995	46.4	--	--
110530A	2455712.14655	19.6	--	--
110521A	2455703.16078	13.8	--	--
110520A	2455702.35333	15.7	--	--
110519A	2455700.59185	27.2	--	--
110503A	2455685.23316	10.0	1.613 (GTC: absorption)<br>1.61 (TNG: absorption), PAIRITEL (1.3m)	 GCN 11993 (GTC); GCN 11997 (TNG)
110422A	2455674.15411	25.9	1.77 (TNG: absorption)<br> 1.770 (GTC: absorption)	 GCN 11977 (TNG); GCN 11978 (GTC)<br><strong>Other:</strong> <a href="http://gcn.gsfc.nasa.gov/reports/report_362_1.pdf">GCN Report 362.1</a
110420B	2455672.44596	0.084	--	--
110420A	2455671.96	11.8	--	--
110414A	2455665.821	152.0	--	--
110412A	2455663.81483	23.4	--	--
110411A	2455663.31541	80.3	--	--
110407A	2455659.08797	145.0	--	--
110402A	2455653.50899	60.9	--	--
110319B	2455640.3153	14.5	--	--
110319A	2455639.59492	19.3	--	--
110318B	2455639.14385	4.8	--	--
110318A	2455639.05161	16.0	--	--
110315A	2455636.49796	77.0	--	--
110312A	2455633.24696	28.7	--	--
110305A	2455625.7764	12.0	--	--
110223B	2455616.39292	54.0	--	--
110223A	2455616.37291	7.0	--	--
110213A	2455605.72047	48.0	1.46 (Bok: absorption)	 GCN 11708 (Bok)<br><strong>Other:</strong> <a href="http://gcn.gsfc.nasa.gov/reports/report_323_1.pdf">GCN Report 323.1</a
110212A	2455604.54801	3.3	--	--
110210A	2455602.91159	233.0	--	--
110208A	2455601.38248	37.4	--	--
110207A	2455599.97037	80.3	--	--
110205A	2455597.5852	257.0	1.98 (Lick: absorption, possible)<br>2.22 (FLWO: absorption, host)<br> 2.22 (NOT: absorption)	 GCN 11635 (Lick); GCN 11638 (FLWO); GCN 11640 (NOT)
110201A	2455593.8994	13.0	--	--
110128A	2455589.5726	30.7	2.339 (VLT: absorption)	 GCN 11607 (VLT)<br><strong>Other:</strong> <a href="http://gcn.gsfc.nasa.gov/reports/report_316_1.pdf">GCN Report 316.1</a
110119A	2455581.43123	208.0	--	--
110112A	2455573.67521	0.5	--	--
110106B	2455568.39325	24.8	--	--
110106A	2455568.14255	4.3	--	--
110102A	2455564.2864	264.0	--	--
101225A	2455556.27622	1088.0	0.847(arXiv:1302.2352v1)<br>0.40 (Keck I: emission)	 GCN 11522 (Keck I); arXiv:1302.2352v1<br><strong>Host:</strong> GCN 11519 (NOT)<br><strong>Other:</strong> <a href="http://gcn.gsfc.nasa.gov/reports/report_314_1.pdf">GCN Report 314.1</a
101224A	2455554.72723	0.2	--	--
101219B	2455550.18603	34.0	0.5519 (ESO-VLT: tentative redshift)	 GCN 11579 (ESO-VLT)<br><strong>Host:</strong> GCN 11575 (Swift-UVOT)
101219A	2455549.6052	0.6	0.718 (Gemini-North: emission, host)	 GCN 11518 (Gemini-North)<br><strong>Host:</strong> GCN 11464; GCN 11468 (Gemini-South); GCN 11469 (Magellan); GCN 11518 (Gemini-North)
101213A	2455543.95096	135.0	--	--
101129A	2455530.15244	0.35	--	--
101117B	2455518.30096	5.2	--	--
101030A	2455500.16422	92.0	--	--
101024A	2455493.98576	18.7	--	--
101023A	2455493.45153	80.8	--	--
101020A	2455490.48659	175.0	--	--
101017A	2455486.93943	70.0	--	--
101011A	2455481.20735	71.5	--	--
101008A	2455478.1967	104.0	--	--
100928A	2455467.59713	3.3	--	--
100924A	2455463.66537	96.0	--	--
100917A	2455456.71071	66.0	--	--
100915A	2455454.56325	200.0	--	--
100906A	2455446.07601	114.4	1.727 (Gemini-North: absorption)	 GCN 11230 (Gemini-North)
100905A	2455445.13072	3.4	--	--
100904A	2455443.56508	31.3	--	--
100902A	2455442.31382	428.8	4.5 (Swift XRT: tentative redshift)	 GCN 11195 (Swift-XRT)
100901A	2455441.06539	439.0	1.408 (Gemini-North: absorption, host redshift)	 GCN 11164 (Gemini-North)<br><strong>Other:</strong> <a href="http://gcn.gsfc.nasa.gov/reports/report_304_1.pdf">GCN Report 304.1</a
100823A	2455432.2261	16.9	--	--
100816A	2455424.52628	2.9	0.8034 (VLT: emission and absorption)<br>0.8035 (Gemini-North: absorption)<br>0.8049 (GTC: absorption)	 GCN 11116 (Gemini-North); GCN 11123 (VLT & Gemini-North); GCN 11125 (GTC)<br><strong>Other:</strong> <a href="http://gcn.gsfc.nasa.gov/reports/report_300_1.pdf">GCN Report 300.1</a
100814A	2455422.65985	174.5	1.44 (Magellan: absorption)	 GCN 11089 (Magellan)<br><strong>Other:</strong> <a href="http://gcn.gsfc.nasa.gov/reports/report_303_1.pdf">GCN Report 303.1</a
100807A	2455415.88418	7.9	--	--
100805A	2455413.67549	15.0	--	--
100802A	2455410.74	487.0	--	--
100728B	2455405.93883	12.1	~2.8 (UVOT: photometric)<br>2.106 (VLT: absorption)	 GCN 11026 (UVOT); GCN 11317 (VLT)
100728A	2455405.59611	198.5	1.567 (VLT: emission, host)	 GCN 14500 (VLT)<br><strong>Host:</strong> GCN 14500 (GROND)<br><strong>Other:</strong> <a href="http://gcn.gsfc.nasa.gov/reports/report_294_1.pdf">GCN Report 294.1</a
100727A	2455404.7377	84.0	--	--
100725B	2455402.97539	200.0	--	--
100725A	2455402.8006	141.0	--	--
100724A	2455401.52939	1.4	1.288 (VLT: absorption)	 GCN 10971 (VLT)
100719A	2455396.64649	36.0	--	--
100704A	2455381.6494	197.5	3.6 (Swift: tentative redshift)	 GCN 10940 (Swift-XRT)<br><strong>Other:</strong> <a href="http://gcn.gsfc.nasa.gov/reports/report_293_1.pdf">GCN Report 293.1</a
100702A	2455379.54429	0.16	--	--
100628A	2455375.84491	0.036	--	--
100625A	2455373.27255	0.33	--	--
100621A	2455368.62745	63.6	0.542 (VLT: emission)	 GCN 10876 (VLT)<br><strong>Other:</strong> <a href="http://gcn.gsfc.nasa.gov/reports/report_291_1.pdf">GCN Report 291.1</a
100619A	2455366.51466	97.5	--	--
100615A	2455362.58267	39.0	1.398 (VLT: emission, host)	 GCN 14264 (VLT)<br><strong>Host:</strong> GCN 14264 (HST, VLT)<br><strong>Other:</strong> <a href="http://gcn.gsfc.nasa.gov/reports/report_285_1.pdf">GCN Report 285.1</a
100614A	2455362.40169	225.0	--	--
100606A	2455354.30047	480.0	--	--
100526B	2455343.29211	64.0	--	--
100526A	2455343.18484	102.0	--	--
100522A	2455338.65685	35.3	--	--
100513A	2455329.58829	84.0	4.772 (Gemini North: absorption)	 GCN 10752 (Gemini North)
100508A	2455324.88937	52.0	--	--
100504A	2455321.30624	97.3	--	--
100425A	2455311.61858	37.0	1.755 (VLT: absorption)	 GCN 10684 (VLT)<br><strong>Other:</strong> <a href="http://gcn.gsfc.nasa.gov/reports/report_279_1.pdf">GCN Report 279.1</a
100424A	2455311.18938	104.0	2.465 (VLT: emission, host)	 GCN 14291 (VLT)<br><strong>Host:</strong> GCN 14291 (Keck I)<br><strong>Other:</strong> <a href="http://gcn.gsfc.nasa.gov/reports/report_280_1.pdf">GCN Report 280.1</a
100420A	2455306.7241	48.0	--	--
100418A	2455305.38204	7.0	0.6235 (VLT: absorption)<br>0.624 (Gemini North: absorption)	 GCN 10620 (VLT); GCN 10624 (Gemini North)<br><strong>Host:</strong> GCN 10621 (SDSS)
100413A	2455300.23157	191.0	3.9 (Swift-XRT: tentative)	 GCN 10588 (Swift-XRT)<br><strong>Other:</strong> <a href="http://gcn.gsfc.nasa.gov/reports/report_276_1.pdf">GCN Report 276.1</a
100316C	2455271.8736	9.3	--	--
100316B	2455271.83444	3.8	1.180 (VLT: absorption)	 GCN 10495 (VLT)
100316A	2455271.59931	7.0	--	--
100305A	2455260.87891	69.7	--	--
100302A	2455258.32854	17.9	4.813 (Gemini-North: absorption)	 GCN 10466 (Gemini-North)<br><strong>Other:</strong> <a href="http://gcn.gsfc.nasa.gov/reports/report_275_1.pdf">GCN Report 275.1</a
100219A	2455247.13595	18.8	4.5 (MPI/ESO: photometric)<br>4.6667 (VLT: absorption)<br>4.7 (Gemini South: absorption)	 GCN 10439 (MPI/ESO); GCN 10441 (VLT); GCN 10443 (Gemini South); GCN 10445 (VLT)<br><strong>Host:</strong> GCN 10433 (Palomar); GCN 10432 (UVOT)
100213B	2455241.45734	48.0	--	--
100213A	2455241.43597	2.4	--	--
100212A	2455240.08845	136.0	--	--
100206A	2455234.06256	0.12	--	--
100205A	2455232.67966	26.0	--	--
100119A	2455216.26765	23.8	--	--
100117A	2455214.37939	0.3	--	--
100111A	2455207.67557	12.9	--	--
091221	2455187.37005	68.5	--	--
091208B	2455173.90969	14.9	1.063 (Gemini North: absorption)<br>1.0633 (Keck I: absorption)	 GCN 10263 (Gemini North); GCN 10272 (Keck I)<br><strong>Other:</strong> <a href="http://gcn.gsfc.nasa.gov/reports/report_266_1.pdf">GCN Report 266.1</a
091208A	2455173.86528	29.1	--	--
091130B	2455166.24935	112.5	--	--
091127	2455163.47622	7.1	0.490 (Gemini-North: emission)<br>0.49034 (VLT: emission)	 GCN 10202 (Gemini-North); GCN 10233 (VLT)
091117	2455153.23922	0.43	--	--
091112	2455148.23705	17.0	--	--
091109B	2455145.40906	0.3	--	--
091109A	2455144.70675	48.0	3.5 (ESO/MPI: photometric)<br>3.076 (VLT: absorption)	 GCN 10158 (ESO/MPI); GCN 10246 (ESO/MPI); GCN 10350 (VLT)<br><strong>Other:</strong> <a href="http://gcn.gsfc.nasa.gov/reports/report_258_1.pdf">GCN Report 258.1</a
091104	2455139.86762	99.3	--	--
091102	2455138.10738	6.6	--	--
091029	2455133.66206	39.2	2.752 (Gemini-South: absorption)	 GCN 10100 (Gemini-South)<br><strong>Other:</strong> <a href="http://gcn.gsfc.nasa.gov/reports/report_260_1.pdf">GCN Report 260.1</a
091026	2455131.04965	41.6	--	--
091024	2455128.87223	109.8	1.092 (Gemini-North)<br>1.091 (Keck I: absorption)	 GCN 10065 (Gemini North); GCN 10093 (Keck I)
091020	2455125.40051	34.6	1.71 (NOT)	 GCN 10053 (NOT)<br><strong>Other:</strong> <a href="http://gcn.gsfc.nasa.gov/reports/report_257_1.pdf">GCN Report 257.1</a
091018	2455123.36689	4.4	0.971 (Magellan Clay: absorption)<br>0.9710 (VLT: absorption)	 GCN 10038 (Magellan Clay); GCN 10042 (VLT)
090929B	2455103.923	360.0	--	--
090929A	2455103.68968	7.0	--	--
090927	2455101.92171	2.2	1.37 (VLT: absorption)	 GCN 9958 (VLT)<br><strong>Other:</strong> <a href="http://gcn.gsfc.nasa.gov/reports/report_252_1.pdf">GCN Report 252.1</a
090926B	2455101.41375	109.7	1.24 (VLT: emission & absorption)	 GCN 9947 (VLT)<br><strong>Other:</strong> <a href="http://gcn.gsfc.nasa.gov/reports/report_246_1.pdf">GCN Report 246.1</a
090916	2455090.79218	63.4	--	--
090915	2455090.14972	8.0	--	--
090912	2455087.16006	144.0	--	--
090904B	2455078.55854	47.0	--	--
090904A	2455078.54243	122.0	--	--
090831C	2455075.39612	3.3	--	--
090815C	2455059.47337	0.6	--	--
090814A	2455057.53633	80.0	0.696 < z < 2.2 (VLT: absorption)	 GCN 9797 (VLT)<br><strong>Other:</strong> <a href="http://gcn.gsfc.nasa.gov/reports/report_238_1.pdf">GCN Report 238.1</a
090813	2455056.67411	7.1	--	--
090812	2455055.75148	66.7	2.452 (VLT: absorption)	 GCN 9771 (VLT)
090809	2455053.23002	5.4	2.737 (VLT)	 GCN 9761 (VLT)
090807	2455051.12531	140.8	--	--
090728	2455041.1151	59.0	--	--
090727	2455040.44604	302.0	--	--
090726	2455039.44615	67.0	2.71 (SAO RAS: absoption)	 GCN 9712 (SAO RAS)<br><strong>Other:</strong> <a href="http://gcn.gsfc.nasa.gov/reports/report_234_1.pdf">GCN Report 234.1</a
090715B	2455028.37725	266.0	3.00 (WHT)	 GCN 9673 (WHT)<br><strong>Other:</strong> <a href="http://gcn.gsfc.nasa.gov/reports/report_236_1.pdf">GCN Report 236.1</a
090715A	2455028.22615	63.0	--	--
090712	2455024.66047	145.0	--	--
090709B	2455022.13035	27.2	--	--
090709A	2455021.81845	89.0	--	--
090708	2455020.65156	15.0	--	--
090628	2455011.38903	20.1	--	--
090621B	2455004.42182	0.14	--	--
090618	2455000.85311	113.2	0.54 (Lick: absorption)<br>0.54 (SAO RAS: emission)	 GCN 9518 (Lick); GCN 9542 (SAO RAS)<br><strong>Host:</strong> GCN 9526 (SDSS)<br><strong>Other:</strong> <a href="http://gcn.gsfc.nasa.gov/reports/report_232_1.pdf">GCN Report 232.1</a
090607	2454989.72936	2.3	--	--
090531B	2454983.27495	80.0	--	--
090531A	2454982.57311	32.0	--	--
090530	2454981.63771	48.0	~1.266 (VLT)	 GCN 15571 (VLT)<br><strong>Other:</strong> <a href="http://gcn.gsfc.nasa.gov/reports/report_222_1.pdf">GCN Report 222.1</a
090520	2454971.56755	20.0	--	--
090519	2454971.3812	64.0	3.9 (ESO/MPI: photometric)<br>3.85 (VLT: absorption)	 GCN 9408 (ESO/MPI); GCN 9409 (VLT)<br><strong>Other:</strong> <a href="http://gcn.gsfc.nasa.gov/reports/report_219_1.pdf">GCN Report 219.1</a
090518	2454969.57968	6.9	--	--
090516A	2454967.85266	210.0	4.109 (VLT: absorption)<br>4.1 (ESO/MPI: photometric)	 GCN 9381; GCN 9383 (VLT); GCN 9382 (ESO/MPI)<br><strong>Other:</strong> <a href="http://gcn.gsfc.nasa.gov/reports/report_228_1.pdf">GCN Report 228.1</a
090515	2454966.69802	0.036	--	--
090510	2454961.51597	0.3	0.903 (VLT: emission)	 GCN 9353 (VLT)<br><strong>Other:</strong> <a href="http://gcn.gsfc.nasa.gov/reports/report_218_1.pdf">GCN Report 218.1</a
090509	2454960.71531	335.0	--	--
090429B	2454950.7292	5.5	--	--
090429A	2454950.70392	188.0	--	--
090426	2454948.03388	1.2	2.609 (Keck-I: absorption)<br>2.609 (VLT: absorption)	 GCN 9264 (Keck-I); GCN 9269 (VLT)
090424	2454946.09177	48.0	0.544 (Gemini-South: absorption)<br>0.544 (WHT)	 GCN 9243 (Gemini-South); GCN 9250 (WHT)<br><strong>Other:</strong> <a href="http://gcn.gsfc.nasa.gov/reports/report_221_1.pdf">GCN Report 221.1</a
090423	2454944.83008	10.3	8.0 (MPI/ESO: photometric)<br>~8.1 (TNG)	 GCN 9215; GCN 9261 (MPI); GCN 9216 (TNG); GCN 9222 (TNG)<br><strong>Other:</strong> <a href="http://gcn.gsfc.nasa.gov/reports/report_211_1.pdf">GCN Report 211.1</a><br><a href="http://gcn.gsfc.nasa.gov/reports/report_211_2.pdf">GCN Report 211.2</a
090422	2454943.64949	8.5	--	--
090419	2454941.07189	450.0	--	--
090418B	2454939.87433	65.0	--	--
090418A	2454939.96366	56.0	1.608 (Lick: absorption)	 GCN 9151 (Lick)<br><strong>Other:</strong> <a href="http://gcn.gsfc.nasa.gov/reports/report_217_1.pdf">GCN Report 217.1</a
090417A	2454939.05374	0.072	--	--
090410	2454932.20685	165.0	--	--
090407	2454928.9364	310.0	1.4485 (TOUGH: emission)	 arXiv:1205.4036v1 (TOUGH)<br><strong>Other:</strong> <a href="http://gcn.gsfc.nasa.gov/reports/report_210_1.pdf">GCN Report 210.1</a
090404	2454926.16424	84.0	--	--
090401B	2454922.85793	183.0	--	--
090401A	2454922.50068	112.0	--	--
090313	2454903.87948	79.0	3.375 (Gemini-South: absorption)<br>3.375 (VLT: absorption)<br>3.3721 (Melipal: absorption)	 GCN 8994  (Gemini-South); GCN 9012 (VLT); GCN 9015 (Melipal)<br><strong>Other:</strong> <a href="http://gcn.gsfc.nasa.gov/reports/report_204_1.pdf">GCN Report 204.1</a
090309A	2454900.47862	3.0	--	--
090308A	2454899.25096	48.0	--	--
090307A	2454897.65737	22.0	--	--
090306B	2454897.46322	20.4	--	--
090305A	2454895.72212	0.4	--	--
090301A	2454891.78883	41.0	--	--
090205	2454868.46058	8.8	4.7 (ESO/MPI: photometric)<br>4.6497 (VLT: absorption)	 GCN 8888 (ESO/MPI); GCN 8889; GCN 8892 (VLT)<br><strong>Other:</strong> <a href="http://gcn.gsfc.nasa.gov/reports/report_200_1.pdf">GCN Report 200.1</a
090201	2454864.241	83.0	--	--
090129	2454861.38003	17.5	--	--
090123	2454854.82773	131.0	--	--
090118	2454850.07919	16.0	--	--
090113	2454845.27823	9.1	1.7493 (TOUGH: emission)	 arXiv:1205.4036v1 (TOUGH)<br><strong>Other:</strong> <a href="http://gcn.gsfc.nasa.gov/reports/report_193_1.pdf">GCN Report 193.1</a
090111	2454843.49885	24.8	--	--
090107A	2454838.70005	12.2	--	--
090102	2454833.62205	27.0	1.547 (NOT)<br>1.546 (Palomar 200": absorption)<br>1.55 (Hobby-Eberly: absorption)	 GCN 8766 (NOT); GCN 8773 (Palomar 200")<br><strong>Host:</strong> GCN 8856 (HST)<br><strong>Other:</strong> <a href="http://gcn.gsfc.nasa.gov/reports/report_192_1.pdf">GCN Report 192.1</a
081230	2454831.35847	60.7	--	--
081228	2454828.55394	3.0	--	--
081226A	2454826.54418	0.4	--	--
081222	2454822.70416	24.0	~2.7 (UVOT)<br>2.77 (Gemini-South: absorption)<br>2.77 (Gemini-North: absorption)	 GCN 8712 (UVOT); GCN 8713 (Gemini-South); GCN 8718 (Gemini-North)<br><strong>Other:</strong> <a href="http://gcn.gsfc.nasa.gov/reports/report_190_1.pdf">GCN Report 190.1</a
081221	2454822.18138	34.0	2.26 (Salvaterra)	 Salvaterra et al. 2012<br><strong>Host:</strong> GCN 8711 (Keck I)
081211A	2454811.99178	3.5	--	--
081210	2454811.34692	146.0	--	--
081203B	2454804.08138	23.4	--	--
081203A	2454804.08138	294.0	2.1 (UVOT: absorption)	 GCN 8601 (UVOT)
081128	2454799.22134	100.0	--	--
081127	2454797.79523	37.0	--	--
081126	2454797.39873	54.0	--	--
081121	2454792.35801	14.0	2.512 (Magellan/Clay: aborption)	 GCN 8542 (Magellan/Clay)<br><strong>Other:</strong> <a href="http://gcn.gsfc.nasa.gov/reports/report_182_1.pdf">GCN Report 182.1</a
081118	2454789.12264	67.0	2.58 (VLT: absorption)	 GCN 8531 (VLT)<br><strong>Other:</strong> <a href="http://gcn.gsfc.nasa.gov/reports/report_181_1.pdf">GCN Report 181.1</a
081109A	2454779.79312	190.0	--	--
081104	2454774.8991	59.1	--	--
081102	2454773.23934	63.0	--	--
081101	2454771.99064	0.2	--	--
081029	2454768.57218	270.0	3.8479 (VLT: absorption, host)<br>3.847 (Gemini-South: absorption)	 GCN 8438 (VLT); GCN 8448 (Gemini-South)
081028A	2454767.51736	260.0	3.038 (Magellan/Clay: absorption)	 GCN 8434 (Magellan/Clay)<br><strong>Other:</strong> <a href="http://gcn.gsfc.nasa.gov/reports/report_176_1.pdf">GCN Report 176.1</a
081025	2454764.84863	23.0	--	--
081022	2454762.09986	160.0	--	--
081017	2454757.48486	320.0	--	--
081016B	2454756.32447	2.6	--	--
081012	2454752.04888	29.0	--	--
081011	2454750.52002	9.0	--	--
081008	2454748.33205	185.5	1.9685 (VLT: absorption)<br>1.967 (Gemini-South: absorption)	 GCN 8345; GCN 8350 (VLT); GCN 8346 (Gemini-South)<br><strong>Host:</strong> GCN 8372 (Gemini-South)<br><strong>Other:</strong> <a href="http://gcn.gsfc.nasa.gov/reports/report_173_1.pdf">GCN Report 173.1</a
081007	2454746.72491	10.0	0.5295 (Gemini-South: absorption)	 GCN 8335 (Gemini-South)
080928	2454738.12606	280.0	1.692 (VLT: absorption)<br>1.69 (Gemini-South: absorption)	 GCN 8301 (VLT); GCN 8304 (Gemini-South)
080919	2454728.50362	0.6	--	--
080916B	2454726.11443	32.0	--	--
080916A	2454725.90648	60.0	0.689 (VLT: absorption and emission)	 GCN 8254 (VLT)<br><strong>Other:</strong> <a href="http://gcn.gsfc.nasa.gov/reports/report_167_1.pdf">GCN Report 167.1</a><br><a href="http://gcn.gsfc.nasa.gov/reports/report_167_2.pdf">GCN Report 167.2</a><br><a href="http://gcn.gsfc.nasa.gov/reports/report_167_3.pdf">GCN Report 167.3</a
080915B	2454725.16221	3.9	--	--
080915A	2454724.50196	14.0	--	--
080913	2454722.78257	8.0	6.44 (ESO/MPI: photometric)<br>6.7 (VLT)	 GCN 8223 (ESO/MPI); GCN 8225 (VLT)<br><strong>Other:</strong> <a href="http://gcn.gsfc.nasa.gov/reports/report_165_1.pdf">GCN Report 165.1</a
080906	2454716.06477	147.0	2.0 (UVOT: photometric)	 GCN 8212 (UVOT)
080905B	2454715.20538	128.0	2.374 (VLT: absorption)	 GCN 8191 (VLT)
080905A	2454714.99924	1.0	0.1218 (emission from host)	 Rowlinson et al., 2010, MNRAS, 408, 383<br><strong>Other:</strong> <a href="http://gcn.gsfc.nasa.gov/reports/report_162_1.pdf">GCN Report 162.1</a
080903	2454712.55027	66.0	--	--
080822B	2454701.37699	64.0	--	--
080810	2454689.04875	106.0	3.35 (Keck: absorption)<br>3.35 (RTT150: absorption)<br>3.35 (NOT: absorption)	 GCN 8083 (Keck); GCN 8088 (RTT150); GCN 8089 (NOT)<br><strong>Other:</strong> <a href="http://gcn.gsfc.nasa.gov/reports/report_157_1.pdf">GCN Report 157.1</a><br><a href="http://gcn.gsfc.nasa.gov/reports/report_157_2.pdf">GCN Report 157.2</a
080805	2454683.82053	78.0	1.505 (VLT: absorption)	 GCN 8062; GCN 8077 (VLT)<br><strong>Other:</strong> <a href="http://gcn.gsfc.nasa.gov/reports/report_159_1.pdf">GCN Report 159.1</a
080804	2454683.47238	34.0	2.2045 (VLT: absorption)<br>2.20 (Gemini-South: absorption)	 GCN 8058 (VLT); GCN 8065 (Gemini-South)<br><strong>Other:</strong> <a href="http://gcn.gsfc.nasa.gov/reports/report_158_1.pdf">GCN Report 158.1</a
080802	2454681.13358	176.0	--	--
080727C	2454675.4636	79.7	--	--
080727B	2454674.84264	8.6	--	--
080727A	2454674.74837	4.9	--	--
080725	2454672.93488	120.0	--	--
080723A	2454670.68014	17.3	--	--
080721	2454668.93421	16.2	2.602 (TNG: absorption)<br>2.591 (NOT: absorption)	 GCN 7997 (TNG); GCN 7998 (NOT)<br><strong>Other:</strong> <a href="http://gcn.gsfc.nasa.gov/reports/report_156_1.pdf">GCN Report 156.1</a
080714	2454662.24509	33.0	--	--
080710	2454657.80081	120.0	0.845 (Gemini-South: absorption)	 GCN 7962 (Gemini-South)
080707	2454654.8527	27.1	1.23 (VLT: absorption)	 GCN 7949 (VLT)<br><strong>Other:</strong> <a href="http://gcn.gsfc.nasa.gov/reports/report_151_1.pdf">GCN Report 151.1</a
080703	2454651.29182	3.4	--	--
080702B	2454649.54909	20.0	--	--
080702A	2454649.99355	0.5	--	--
080701	2454648.92612	18.0	--	--
080623	2454640.93435	15.2	--	--
080613B	2454630.96709	105.0	--	--
080607	2454624.75517	79.0	3.036 (Keck I)	 GCN 7849 (Keck I)<br><strong>Other:</strong> <a href="http://gcn.gsfc.nasa.gov/reports/report_147_1.pdf">GCN Report 147.1</a
080605	2454623.49163	20.0	1.6398 (VLT: absorption)	 GCN 7832 (VLT)<br><strong>Other:</strong> <a href="http://gcn.gsfc.nasa.gov/reports/report_142_1.pdf">GCN Report 142.1</a
080604	2454621.81043	82.0	1.416 (Gemini-North: absorption)	 GCN 7818 (Gemini-North)<br><strong>Other:</strong> <a href="http://gcn.gsfc.nasa.gov/reports/report_140_1.pdf">GCN Report 140.1</a
080603B	2454621.31821	60.0	2.69 (NOT)<br>2.69 (Hobby-Eberly: absorption)	 GCN 7797 (NOT); GCN 7815 (Hobby-Eberly)<br><strong>Other:</strong> <a href="http://gcn.gsfc.nasa.gov/reports/report_144_1.pdf">GCN Report 144.1</a
080602	2454619.56282	74.0	--	--
080524	2454610.67569	9.0	--	--
080523	2454610.39017	102.0	--	--
080520	2454607.43083	2.8	1.545 (VLT: emission)	 GCN 7757 (VLT)<br><strong>Host:</strong> GCN 7771 (VLT)<br><strong>Other:</strong> <a href="http://gcn.gsfc.nasa.gov/reports/report_137_1.pdf">GCN Report 137.1</a
080517	2454604.39087	64.6	--	--
080516	2454602.51189	5.8	3.2 (MPI/ESO: photometric)	 GCN 7747 (MPI/ESO)<br><strong>Other:</strong> <a href="http://gcn.gsfc.nasa.gov/reports/report_136_1.pdf">GCN Report 136.1</a
080515	2454601.75084	21.0	--	--
080506	2454593.24052	150.0	--	--
080503	2454590.01821	170.0	--	--
080430	2454587.3285	16.2	~0.75 (Calar Alto: absorption, probable)<br>0.767 (Hobby-Eberly: absorption)	 GCN 7650 (Calar Alto); GCN 7654 (Hobby-Eberly)<br><strong>Other:</strong> <a href="http://gcn.gsfc.nasa.gov/reports/report_139_1.pdf">GCN Report 139.1</a
080426	2454583.05789	1.7	--	--
080413B	2454569.86889	8.0	1.10 (VLT: absorption)<br>1.10 (Gemini-South: absorption)	 GCN 7601 (VLT); GCN 7615 (Gemini-South)
080413A	2454569.62105	46.0	2.433 (VLT: absorption)<br>2.43 (Gemini-South: absorption)	 GCN 7602 (VLT); GCN 7616 (Gemini-South)<br><strong>Other:</strong> <a href="http://gcn.gsfc.nasa.gov/reports/report_129_1.pdf">GCN Report 129.1</a
080411	2454568.38579	56.0	1.03 (VLT: absorption)	 GCN 7587 (VLT)<br><strong>Other:</strong> <a href="http://gcn.gsfc.nasa.gov/reports/report_152_1.pdf">GCN Report 152.1</a
080409	2454565.5576	20.2	--	--
080405	2454561.88814	40.0	--	--
080330	2454555.65366	61.0	1.51 (NOT: absorption)<br>1.51 (Hobby-Eberly: absorption)	 GCN 7544 (NOT); GCN 7547 (Hobby-Eberly)<br><strong>Other:</strong> <a href="http://gcn.gsfc.nasa.gov/reports/report_132_1.pdf">GCN Report 132.1</a
080328	2454553.83546	90.6	--	--
080325	2454550.67311	128.4	--	--
080320	2454545.6928	14.0	--	--
080319D	2454545.21191	24.0	--	--
080319C	2454545.01801	34.0	1.95 (Gemini-North: absorption)	 GCN 7517<br><strong>Other:</strong> <a href="http://gcn.gsfc.nasa.gov/reports/report_124_1.pdf">GCN Report 124.1</a
080319A	2454544.74007	64.0	--	--
080315	2454540.60071	65.0	--	--
080310	2454535.8597	365.0	2.4266 (Lick: absorption)<br>2.42 (Magellan: absorption)<br>2.43 (VLT-Kueyen: absorption)<br>2.4266 (Keck: absorption)	 GCN 7388 (Lick); GCN 7389 (Magellan); GCN 7391 (VLT-Kueyen); GCN 7397 (Keck)
080307	2454532.97465	125.9	--	--
080303	2454528.88235	67.0	--	--
080229A	2454526.21179	64.0	--	--
080218B	2454515.49846	6.2	--	--
080218A	2454515.33937	27.6	--	--
080212	2454509.23233	123.0	--	--
080210	2454506.82645	45.0	2.641 (VLT: absorption)<br>2.64 (Hobby-Eberly: absorption)	 GCN 7286 (VLT); GCN 7290 (Hobby-Eberly)<br><strong>Other:</strong> <a href="http://gcn.gsfc.nasa.gov/reports/report_114_1.pdf">GCN Report 114.1</a
080207	2454504.39608	340.0	2.0858 (TOUGH: emission)	 arXiv:1205.3162v2 (TOUGH)<br><strong>Other:</strong> <a href="http://gcn.gsfc.nasa.gov/reports/report_113_1.pdf">GCN Report 113.1</a
080205	2454501.83045	106.5	--	--
080130	2454495.96804	65.0	--	--
080129	2454494.75469	48.0	--	--
080123	2454488.68191	115.0	--	--
080121	2454487.39578	0.7	--	--
071227	2454462.34291	1.8	0.383 (VLT: emission, host redshift)<br>0.384 (Magellan: emission, host redshift)	 GCN 7152 (VLT); GCN 7154 (Magellan)<br><strong>Host:</strong> GCN 7151 (Magellan)
071129	2454433.50272	420.0	--	--
071122	2454426.55793	68.7	1.14 (Gemini North: absorption)	 GCN 7124 (Gemini North)<br><strong>Other:</strong> <a href="http://gcn.gsfc.nasa.gov/reports/report_107_1.pdf">GCN Report 107.1</a><br><a href="http://gcn.gsfc.nasa.gov/reports/report_107_2.pdf">GCN Report 107.2</a
071118	2454422.87311	71.0	--	--
071117	2454422.11813	6.6	1.331 (VLT: emission)	 GCN 7117 (VLT)<br><strong>Other:</strong> <a href="http://gcn.gsfc.nasa.gov/reports/report_106_1.pdf">GCN Report 106.1</a><br><a href="http://gcn.gsfc.nasa.gov/reports/report_106_2.pdf">GCN Report 106.2</a
071112C	2454417.27288	15.0	0.8230 (VLT: absorption)<br>0.823 (Gemini North: absorption)	 GCN 7076; GCN 7088 (VLT); GCN 7086 (Gemini North)<br><strong>Other:</strong> <a href="http://gcn.gsfc.nasa.gov/reports/report_104_1.pdf">GCN Report 104.1</a><br><a href="http://gcn.gsfc.nasa.gov/reports/report_104_2.pdf">GCN Report 104.2</a
071112B	2454417.26633	0.3	--	--
071101	2454406.24567	9.0	--	--
071031	2454404.54625	180.0	2.692 (VLT)	 GCN 7023 (VLT)<br><strong>Other:</strong> <a href="http://gcn.gsfc.nasa.gov/reports/report_99_1.pdf">GCN Report 99.1</a
071028B	2454401.61373	55.0	0.94 (Paranal: host, photometric)	 arXiv:1103.6130v1 (Paranal)<br><strong>Host:</strong> arXiv:1103.6130v1 (Paranal)<br><strong>Other:</strong> <a href="http://gcn.gsfc.nasa.gov/reports/report_105_1.pdf">GCN Report 105.1</a
071028A	2454402.23682	27.0	--	--
071025	2454398.67285	109.0	--	--
071021	2454394.90385	225.0	2.4520 (TOUGH: emission)	 GCN 6985 (VLT); arXiv:1205.4036v1 (TOUGH)<br><strong>Other:</strong> <a href="http://gcn.gsfc.nasa.gov/reports/report_95_1.pdf">GCN Report 95.1</a><br><a href="http://gcn.gsfc.nasa.gov/reports/report_95_2.pdf">GCN Report 95.2</a
071020	2454393.79336	4.2	>2.145 (VLT: absorption)<br>2.142 (BTA: absorption)	 GCN 6952 (VLT); GCN 6984 (BTA)<br><strong>Other:</strong> <a href="http://gcn.gsfc.nasa.gov/reports/report_94_1.pdf">GCN Report 94.1</a><br><a href="http://gcn.gsfc.nasa.gov/reports/report_94_2.pdf">GCN Report 94.2</a
071018	2454391.8595	376.0	--	--
071013	2454387.00647	26.0	--	--
071011	2454385.02793	61.0	--	--
071010A	2454383.65361	6.0	0.98 (Keck I: absorption)	 GCN 6864 (Keck I)<br><strong>Other:</strong> <a href="http://gcn.gsfc.nasa.gov/reports/report_89_1.pdf">GCN Report 89.1</a><br><a href="http://gcn.gsfc.nasa.gov/reports/report_89_2.pdf">GCN Report 89.2</a
071008	2454382.41384	18.0	--	--
071006	2454379.77894	50.0	--	--
071003	2454376.82008	150.0	1.100 (Keck I: absorption)<br>>0.937 (VLT: absorption)	 GCN 6850 (Keck I); GCN 6851 (VLT)<br><strong>Other:</strong> <a href="http://gcn.gsfc.nasa.gov/reports/report_87_1.pdf">GCN Report 87.1</a><br><a href="http://gcn.gsfc.nasa.gov/reports/report_87_2.pdf">GCN Report 87.2</a
071001	2454375.18875	58.5	--	--
070923	2454367.30235	0.05	--	--
070920B	2454364.37815	20.2	--	--
070920A	2454363.66682	56.0	--	--
070917	2454360.81523	7.3	--	--
070913	2454356.5255	3.2	--	--
070911	2454354.74843	162.0	--	--
070810B	2454323.13839	0.08	--	--
070810A	2454322.59157	11.0	2.17 (Keck I: absorption)	 GCN 6741 (Keck I)
070809	2454322.30714	1.3	--	--
070808	2454321.26944	32.0	--	--
070805	2454318.33038	31.0	--	--
070802	2454314.79682	16.4	2.45 (VLT)	 GCN 6698<br><strong>Other:</strong> <a href="http://gcn.gsfc.nasa.gov/reports/report_78_1.pdf">GCN Report 78.1</a
070731	2454312.89817	2.9	--	--
070729	2454310.51797	0.9	--	--
070724A	2454305.95405	0.4	0.457 (Gemini South: emission, from host)<br>0.457 (VLT: emission, from host)	 GCN 6665 (Gemini South); GCN 6666 (VLT)<br><strong>Host:</strong> GCN 6658 (DSS); GCN 6662 (UKIRT); GCN 6664 (Palomar); GCN 6665 (Gemini South); GCN 6666 (VLT)<br><strong>Other:</strong> <a href="http://gcn.gsfc.nasa.gov/reports/report_74_1.pdf">GCN Report 74.1</a><br><a href="http://gcn.gsfc.nasa.gov/reports/report_74_2.pdf">GCN Report 74.2</a
070721B	2454302.94014	340.0	proposed redshift 3.626 (VLT)	 GCN 6651 (VLT)<br><strong>Other:</strong> <a href="http://gcn.gsfc.nasa.gov/reports/report_73_1.pdf">GCN Report 73.1</a><br><a href="http://gcn.gsfc.nasa.gov/reports/report_73_2.pdf">GCN Report 73.2</a
070721A	2454302.91745	3.4	--	--
070714B	2454295.70797	64.0	0.92 (Gemini: emission, from host)	 GCN 6836 (Gemini)<br><strong>Host:</strong> GCN 6836 (Gemini)<br><strong>Other:</strong> <a href="http://gcn.gsfc.nasa.gov/reports/report_70_1.pdf">GCN Report 70.1</a
070714A	2454295.63925	2.0	--	--
070704	2454286.33747	380.0	--	--
070628	2454280.11183	39.1	--	--
070621	2454273.47059	33.3	--	--
070616	2454268.1872	402.4	--	--
070612B	2454263.76479	13.5	--	--
070612A	2454263.61025	368.8	0.617 (Gemini North: emission)	 GCN 6556 (Gemini North)<br><strong>Host:</strong> GCN 6555 (NOT); GCN 6558 (TNG)<br><strong>Other:</strong> <a href="http://gcn.gsfc.nasa.gov/reports/report_64_1.pdf">GCN Report 64.1</a
070611	2454262.58141	12.2	2.04 (VLT)	 GCN 6499 (VLT)<br><strong>Other:</strong> <a href="http://gcn.gsfc.nasa.gov/reports/report_63_1.pdf">GCN Report 63.1</a><br><a href="http://gcn.gsfc.nasa.gov/reports/report_63_2.pdf">GCN Report 63.2</a><br><a href="http://gcn.gsfc.nasa.gov/reports/report_63_3.pdf">GCN Report 63.3</a
070531	2454251.59049	44.5	--	--
070529	2454250.03366	109.2	2.4996 (Gemini North: absorption)	 GCN 6470 (Gemini North)<br><strong>Other:</strong> <a href="http://gcn.gsfc.nasa.gov/reports/report_61_1.pdf">GCN Report 61.1</a><br><a href="http://gcn.gsfc.nasa.gov/reports/report_61_2.pdf">GCN Report 61.2</a
070521	2454241.78554	37.9	0.553 (Subaru: emission)	 GCN 6444<br><strong>Host:</strong> GCN 6444 (Subaru); GCN 6450 (Gemini North); GCN 6451 (Keck I)<br><strong>Other:</strong> <a href="http://gcn.gsfc.nasa.gov/reports/report_60_1.pdf">GCN Report 60.1</a><br><a href="http://gcn.gsfc.nasa.gov/reports/report_60_2.pdf">GCN Report 60.2</a
070520B	2454241.2395	65.8	--	--
070520A	2454241.04525	18.1	--	--
070518	2454239.10163	5.5	--	--
070517	2454237.97289	7.6	--	--
070509	2454229.61698	7.7	--	--
070508	2454228.67937	20.9	0.82 (VLT: emission, tentative)	 GCN 6398 (VLT)<br><strong>Other:</strong> <a href="http://gcn.gsfc.nasa.gov/reports/report_54_1.pdf">GCN Report 54.1</a><br><a href="http://gcn.gsfc.nasa.gov/reports/report_54_2.pdf">GCN Report 54.2</a
070506	2454226.73331	4.3	2.31 (VLT: absorption)	 GCN 6379 (VLT)<br><strong>Other:</strong> <a href="http://gcn.gsfc.nasa.gov/reports/report_53_1.pdf">GCN Report 53.1</a
070429B	2454219.6313	0.47	0.904 (Keck I: from probable host)	 GCN 7140 (Keck I)<br><strong>Host:</strong> GCN 6368; GCN 6370 (Gemini South); GCN 6372 (VLT); GCN 7140 (Keck I)<br><strong>Other:</strong> <a href="http://gcn.gsfc.nasa.gov/reports/report_51_1.pdf">GCN Report 51.1</a
070429A	2454219.56609	163.3	--	--
070427	2454217.85497	11.1	--	--
070420	2454210.76266	76.5	--	--
070419B	2454209.94729	236.4	--	--
070419A	2454209.91627	115.6	0.97 (Keck I: absorption)	 GCN 6322 (Keck I)<br><strong>Other:</strong> <a href="http://gcn.gsfc.nasa.gov/reports/report_47_1.pdf">GCN Report 47.1</a
070412	2454202.56045	33.8	--	--
070411	2454202.34205	121.5	2.954 (VLT: absorption)	 GCN 6283 (VLT)<br><strong>Other:</strong> <a href="http://gcn.gsfc.nasa.gov/reports/report_44_1.pdf">GCN Report 44.1</a
070406	2454196.53517	1.2	--	--
070330	2454190.45244	9.0	--	--
070328	2454187.66242	75.3	--	--
070318	2454177.81176	74.6	0.836 (VLT: absorption)<br>0.840 (Gemini/Magellan: absorption)	 GCN 6216 (VLT); GCN 6217 (Gemini/Magellan)<br><strong>Other:</strong> <a href="http://gcn.gsfc.nasa.gov/reports/report_40_1.pdf">GCN Report 40.1</a><br><a href="http://gcn.gsfc.nasa.gov/reports/report_40_2.pdf">GCN Report 40.2</a
070306	2454166.19546	209.5	possible redshift:<br>1.497 (VLT: emission)	 GCN 6202 (VLT)<br><strong>Other:</strong> <a href="http://gcn.gsfc.nasa.gov/reports/report_38_1.pdf">GCN Report 38.1</a><br><a href="http://gcn.gsfc.nasa.gov/reports/report_38_2.pdf">GCN Report 38.2</a
070227	2454159.43193	7.0	--	--
070224	2454156.35275	34.5	--	--
070223	2454154.55209	88.5	--	--
070220	2454151.6976	129.0	--	--
070219	2454150.5488	16.6	--	--
070209	2454140.6484	0.09	--	--
070208	2454139.88234	47.7	1.165 (Gemini-North: emission)	 GCN 6083 (Gemini-North)<br><strong>Host:</strong> GCN 6075 (MDM)<br><strong>Other:</strong> <a href="http://gcn.gsfc.nasa.gov/reports/report_31_1.pdf">GCN Report 31.1</a
070129	2454130.48275	460.6	2.3384 (TOUGH: emission)	 arXiv:1205.3162v2 (TOUGH)<br><strong>Other:</strong> <a href="http://gcn.gsfc.nasa.gov/reports/report_30_1.pdf">GCN Report 30.1</a
070126	2454126.60655	51.0	--	--
070110	2454110.80743	88.4	2.352 (VLT: absorption)	 GCN 6010 (VLT)<br><strong>Other:</strong> <a href="http://gcn.gsfc.nasa.gov/reports/report_26_1.pdf">GCN Report 26.1</a><br><a href="http://gcn.gsfc.nasa.gov/reports/report_26_2.pdf">GCN Report 26.2</a><br><a href="http://gcn.gsfc.nasa.gov/reports/report_26_3.pdf">GCN Report 26.3</a
070107	2454108.00368	347.3	--	--
070103	2454104.36573	18.6	2.6208 (TOUGH: emission)	 arXiv:1205.3162v2 (TOUGH)<br><strong>Other:</strong> <a href="http://gcn.gsfc.nasa.gov/reports/report_24_1.pdf">GCN Report 24.1</a
061222B	2454091.67433	40.0	3.355 (Magellan: absorption)	 GCN 5958; GCN 5962 (Magellan)<br><strong>Other:</strong> <a href="http://gcn.gsfc.nasa.gov/reports/report_23_1.pdf">GCN Report 23.1</a
061222A	2454091.64505	71.4	2.088 (Perley)	 Perley et al. 2009<br><strong>Other:</strong> <a href="http://gcn.gsfc.nasa.gov/reports/report_22_1.pdf">GCN Report 22.1</a
061218	2454087.67021	6.5	--	--
061217	2454086.65287	0.21	0.827 (Magellan: emission)	 GCN 5965 (Magellan)<br><strong>Host:</strong> GCN 5949 (Magellan); GCN 5951 (Calar Alto)<br><strong>Other:</strong> <a href="http://gcn.gsfc.nasa.gov/reports/report_21_1.pdf">GCN Report 21.1</a><br><a href="http://gcn.gsfc.nasa.gov/reports/report_21_2.pdf">GCN Report 21.2</a
061210	2454080.01434	85.3	0.41 possible host redshift (Keck: emission)	 GCN 5946 (Keck)<br><strong>Host:</strong> GCN 5922 (Gemini); GCN 5925 (MDM); GCN 5946 (Keck)<br><strong>Other:</strong> <a href="http://gcn.gsfc.nasa.gov/reports/report_20_1.pdf">GCN Report 20.1</a
061202	2454071.84149	91.2	--	--
061201	2454071.16571	0.76	0.111 (Magellan, from probable host)	 GCN 5952 (Magellan)<br><strong>Host:</strong> GCN 5883 (UVOT)<br><strong>Other:</strong> <a href="http://gcn.gsfc.nasa.gov/reports/report_18_1.pdf">GCN Report 18.1</a
061126	2454065.86662	70.8	--	--
061121	2454061.14061	81.3	1.314 (Keck I: absorption)	 GCN 5826 (Keck I)<br><strong>Host:</strong> GCN 5877 (NOT); GCN 5878 (SMARTS)<br><strong>Other:</strong> <a href="http://gcn.gsfc.nasa.gov/reports/report_15_1.pdf">GCN Report 15.1</a><br><a href="http://gcn.gsfc.nasa.gov/reports/report_15_2.pdf">GCN Report 15.2</a
061110B	2454050.41581	134.0	3.44 (VLT)	 GCN 5809 (VLT)<br><strong>Other:</strong> <a href="http://gcn.gsfc.nasa.gov/reports/report_14_1.pdf">GCN Report 14.1</a
061110A	2454049.99122	40.7	0.758 (VLT: emission)	 GCN 5812; GCN 6759 (VLT)<br><strong>Other:</strong> <a href="http://gcn.gsfc.nasa.gov/reports/report_13_1.pdf">GCN Report 13.1</a
061102	2454041.54203	45.6	--	--
061028	2454036.55998	106.2	--	--
061027	2454035.92711	150.0	--	--
061021	2454030.15218	46.2	0.3463 (Fynbo)	 Fynbo et al. 2009<br><strong>Other:</strong> <a href="http://gcn.gsfc.nasa.gov/reports/report_9_1.pdf">GCN Report 9.1</a
061019	2454027.67994	183.8	--	--
061007	2454015.92233	75.3	1.261 (Magellan Clay: absorption)<br>1.262 (VLT: absorption)	 GCN 5715 (Magellan Clay); GCN 5716 (VLT)<br><strong>Other:</strong> <a href="http://gcn.gsfc.nasa.gov/reports/report_7_1.pdf">GCN Report 7.1</a
061006	2454015.19851	129.9	--	--
061004	2454013.32675	6.2	--	--
061002	2454010.5441	17.6	--	--
060929	2454008.32987	554.0	--	--
060927	2454006.0886	22.5	5.6 (VLT: absorption)	 GCN 5651 (VLT)<br><strong>Other:</strong> <a href="http://gcn.gsfc.nasa.gov/reports/report_2_1.pdf">GCN Report 2.1</a
060926	2454005.20049	8.0	3.208 (VLT: absorption)	 GCN 5626 (VLT); GCN 5637 (VLT)<br><strong>Other:</strong> <a href="http://gcn.gsfc.nasa.gov/reports/report_1_1.pdf">GCN Report 1.1</a><br><a href="http://gcn.gsfc.nasa.gov/reports/report_1_2.pdf">GCN Report 1.2</a
060923C	2454002.06462	75.8	--	--
060923B	2454001.98479	8.6	--	--
060923A	2454001.71684	51.7	--	--
060919	2453997.82545	9.1	--	--
060912A	2453991.08049	5.0	probably host redshift:<br>0.937 (VLT: emission)	 GCN 5617 (VLT)<br><strong>Host:</strong> GCN 5573 (VLT)
060908	2453986.87317	19.3	1.8836 (Fynbo)	 GCN 5555 (Gemini-North); Fynbo et al. 2009<br><strong>Host:</strong> GCN 5674 (NOT)
060906	2453984.8561	43.5	3.685 (VLT: absorption)	 GCN 5535 (VLT)
060904B	2453982.60491	171.5	0.703 (VLT: absorption)	 GCN 5513 (VLT)
060904A	2453982.54399	80.1	--	--
060825	2453972.62498	8.0	--	--
060814	2453962.45994	145.3	0.84 (Keck I: emission, from host)	 GCN 6663 (Keck I); arXiv:1205.4036v1 (TOUGH)<br><strong>Host:</strong> GCN 5456 (VLT); GCN 5457 (Palomar Hale); GCN 6663 (Keck I)
060813	2453961.45166	16.1	--	--
060807	2453955.11221	54.0	--	--
060805A	2453952.69987	5.3	--	--
060804	2453951.81134	17.8	--	--
060801	2453949.01128	0.49	--	--
060729	2453946.30034	115.3	0.54 (VLT, Gemini South: absorption)	 GCN 5373 (VLT, Gemini South)
060728	2453945.43369	60.0	--	--
060719	2453935.78515	66.9	1.5320 (TOUGH: emission)	 arXiv:1205.4036v1 (TOUGH)
060717	2453933.88031	3.0	--	--
060714	2453931.13333	115.0	2.71 (VLT: absorption)	 GCN 5320 (VLT)<br><strong>Host:</strong> GCN 5337 (NOT)
060712	2453929.38037	26.3	--	--
060708	2453925.0111	10.2	Z<2.3 (VLT)	 GCN 5319 (VLT)
060707	2453924.39605	66.2	3.43 (VLT: absorption)	 GCN 5298 (VLT)
060614	2453901.03043	108.7	0.13 (Gemini: emission)<br>0.125 (VLT: emission)	 GCN 5275 (Gemini); GCN 5276 (VLT)<br><strong>Host:</strong> GCN 5277 (Danish 1.54m); GCN 5282 (SMARTS)
060607B	2453894.48106	31.1	--	--
060607A	2453893.71682	102.2	3.082 (VLT: absorption)	 GCN 5237 (VLT)
060605	2453892.26094	79.1	3.8 (ANU: absorption)<br>3.7 (SALT: absorption)<br>3.78 (Calar Alto)	 GCN 5223 (ANU); GCN 5226 (SALT); GCN 5489 (Calar Alto); GCN 6166 (Calar Alto)<br><strong>Host:</strong> GCN 5489 (Calar Alto)
060604	2453891.26319	95.0	2.1357 (TOUGH: emission)	 GCN 5218 (NOT); arXiv:1205.4036v1 (TOUGH)
060602A	2453889.39736	75.0	0.787 (VLT: emission, probable)	 GCN 6997 (VLT)
060526	2453882.18646	298.2	3.21 (Magellan: absorption)	 GCN 5170 (Magellan)
060522	2453877.59119	71.1	5.11 (Keck I: absorption)	 GCN 5155 (Keck I)
060516	2453871.78027	161.6	--	--
060515	2453870.6027	52.0	--	--
060512	2453868.4676	8.5	0.4428 (Keck I: emission)	 GCN 5217 (Keck I)<br><strong>Host:</strong> GCN 5156 (Palomar); GCN 5217 (Keck I)
060510B	2453865.84878	275.2	4.9 (Gemini)	 GCN 5104 (Gemini)
060510A	2453865.82185	20.4	--	--
060507	2453862.57861	183.3	--	--
060502B	2453858.22547	0.131	0.287 (Keck I-candidate: absorption)	 GCN 5238 (Keck I)<br><strong>Host:</strong> GCN 5071; GCN 5077 (Gemini); GCN 5072 (MDM); GCN 5238 (Keck I)
060502A	2453857.62745	28.4	~1.51 (Gemini: absorption)	 GCN 5052 (Gemini)
060501	2453856.84374	21.9	--	--
060428B	2453853.87128	57.9	--	--
060428A	2453853.64083	39.5	--	--
060427	2453852.98832	64.0	--	--
060424	2453849.67801	37.5	--	--
060421	2453846.52735	12.2	--	--
060418	2453843.62926	103.1	1.490 (Magellan: absorption)<br>1.489 (VLT: absorption)	 GCN 4969; GCN 5002 (Magellan); GCN 4974 (VLT)
060413	2453839.27804	147.7	--	--
060403	2453829.0502	30.1	--	--
060323	2453818.10597	25.4	--	--
060322	2453817.45858	221.5	--	--
060319	2453813.53869	10.6	--	--
060313	2453807.5084	0.74	--	--
060312	2453806.56682	50.6	--	--
060306	2453800.53416	61.2	--	--
060223B	2453790.3202	10.3	--	--
060223A	2453789.75306	11.3	4.41 (Keck: absorption)	 GCN 4815 (Keck)
060219	2453786.45006	62.1	--	--
060211B	2453778.16337	27.7	--	--
060211A	2453777.90221	126.3	--	--
060210	2453776.70752	255.0	3.91 (Gemini: absoption)	 GCN 4729 (Gemini)<br><strong>Host:</strong> GCN 4753 (ARC)
060206	2453772.69922	7.6	4.045 (NOT: absorption)<br>4.048 (Lick: absorption)<br>4.05 (Subaru: absorption)	 GCN 4686 (NOT); GCN 4692 (NOT); GCN 4701 (Lick); GCN 4703 (Subaru)
060204B	2453771.10722	139.4	--	--
060203	2453770.49693	68.2	--	--
060202	2453768.86175	198.9	--	--
060123	2453759.43241	900.0	1.099 (probable, Gemini: emission)	 GCN 4622 (Gemini)
060117	2453752.78475	16.9	--	--
060116	2453751.85934	105.9	~4.0 or ~6.6 (VLT: photometric)	 GCN 4545; GCN 4583 (VLT)
060115	2453751.04723	139.6	3.53 (VLT: absoprtion)	 GCN 4520 (VLT)
060111B	2453747.34425	58.8	--	--
060111A	2453746.68271	13.2	--	--
060110	2453745.83424	26.0	--	--
060109	2453745.20464	115.4	--	--
060108	2453744.11056	14.3	2.03 (Liverpool: photometric)	 GCN 4539 (Liverpool)
060105	2453740.78434	54.4	--	--
060102	2453738.38713	19.0	--	--
051227	2453732.25505	114.6	--	--
051221B	2453726.33565	39.9	--	--
051221A	2453725.57727	1.4	0.547 (Gemini: emission)	 GCN 4384<br><strong>Host:</strong> GCN 4375
051213	2453717.80074	71.1	--	--
051210	2453714.74052	1.3	--	--
051117B	2453692.05757	9.0	0.481 (TOUGH: emission)	 arXiv:1205.3490v1 (TOUGH)<br><strong>Host:</strong> GCN 4291; ApJ, 662, 294, 2007
051117A	2453691.95231	136.3	--	--
051114	2453688.67463	2.2	--	--
051113	2453688.14068	93.3	--	--
051111	2453685.74978	46.1	1.549 (Keck: absorption)	 GCN 4255; GCN 4271
051109B	2453683.86087	14.3	0.080 (Keck I: emission)	 GCN 5387 (Keck I)<br><strong>Host:</strong> GCN 5387 (Keck I)
051109A	2453683.55024	37.2	2.346 (HET: absorption)	 GCN 4221
051105A	2453679.76853	0.093	--	--
051021B	2453665.48049	46.5	--	--
051016B	2453660.26955	4.0	0.9364 (Keck: emission)	 GCN 4186<br><strong>Host:</strong> ApJ, 662, 294, 2007
051016A	2453659.72466	23.0	--	--
051012	2453656.21243	13.0	--	--
051006	2453650.35455	34.8	1.059 (TOUGH: emission)	 arXiv:1205.3490v1 (TOUGH)<br><strong>Host:</strong> ApJ, 662, 294, 2007
051001	2453644.96639	189.1	2.4296 (TOUGH: emission)	 arXiv:1205.4036v1 (TOUGH)
050925	2453638.87817	0.07	--	--
050922C	2453636.33044	4.5	2.198 (NOT: absorption)<br>2.198 (TNG: absorption)<br>2.199 (VLT: absorption)	 GCN 4017; GCN 4029 (NOT); GCN 4032 (TNG); GCN 4044 (VLT)
050922B	2453636.12639	150.9	--	--
050916	2453630.19157	49.5	--	--
050915B	2453629.39102	40.9	--	--
050915A	2453628.9741	52.0	2.5273 (TOUGH: emission)	 arXiv:1205.4036v1 (TOUGH)<br><strong>Host:</strong> ApJ, 662, 294, 2007
050911	2453625.16637	16.2	--	--
050908	2453621.73786	19.4	3.350 (VLT: absorption)<br>3.3437 (GMOS: absorption)<br>3.3440 (Keck: absorption)	 GCN 3948 (VLT); GCN 3949 (GMOS); GCN 3971 (Keck)
050906	2453619.93895	0.258	--	--
050904	2453617.57759	174.2	6 < z < 8 (SOAR, UNC: photometric)<br>6.10 (VLT: photometric)<br>6.29 (Subaru: absorption)	 GCN 3914 (SOAR; GCN UNC); GCN 3924 (VLT); GCN 3937 (Subaru)<br><strong>Other:</strong> Nature, 440, 164, 2006
050827	2453610.28976	50.0	--	--
050826	2453608.76262	35.5	0.297 (MDM: emission from host)	 GCN 5982 (MDM)<br><strong>Host:</strong> GCN 4749 (MDM); ApJ, 662, 294, 2007
050824	2453607.46685	22.6	0.83 (VLT: emission)	 GCN 3874 (VLT)
050822	2453604.65936	103.4	--	--
050820B	2453603.49337	12.0	--	--
050820A	2453602.77422	26.0	2.612 (Keck: absorption)<br>2.6147 (VLT: absorption)	 GCN 3833 (Keck); GCN 3860 (VLT)
050819	2453602.18328	37.7	2.5043 (TOUGH: emission)	 arXiv:1205.4036v1 (TOUGH)
050815	2453598.22591	2.9	--	--
050814	2453596.98538	150.9	5.3 (NOT: photometric)	 GCN 3809 (NOT); astro-ph 0509888
050813	2453595.78137	0.45	1.8	 E. Berger (Washington conf)
050803	2453586.30139	87.9	possible redshift:<br>0.422 (Keck: emission)	 GCN 3758 (Keck)<br><strong>Host:</strong> GCN 3753
050802	2453584.92225	19.0	1.71 (NOT: absorption)<br>1.434 (TOUGH: emission)	 GCN 3749 (NOT); arXiv:1205.3490v1 (TOUGH)
050801	2453584.26947	19.4	--	--
050730	2453582.33221	156.5	3.96855 (Magellan II: absorption)<br>3.97 (WHT: absorption)<br>3.968 (VLT: absorption)	 GCN 3709; GCN 3732 (Magellan II); GCN 3710 (WHT); GCN 3746 (VLT)
050726	2453577.70854	49.9	--	--
050724	2453576.02372	96.0	0.257 (GMOS: absorption)<br>0.258 (Keck: absorption)	 GCN 3679 (GMOS); GCN 3700 (Keck)<br><strong>Host:</strong> GCN 3666<br><strong>Other:</strong> Nature, 438, 994, 2005<br>ApJ, 639, 323, 2006
050721	2453572.68697	98.4	--	--
050717	2453568.9381	85.0	--	--
050716	2453568.02505	69.1	--	--
050715	2453567.4378	51.6	--	--
050714B	2453566.44481	46.7	--	--
050713B	2453565.00507	54.2	--	--
050713A	2453564.68683	124.7	--	--
050712	2453564.08366	51.6	--	--
050701	2453552.98818	21.8	--	--
050607	2453528.88291	26.4	--	--
050603	2453524.7702	12.4	--	--
050528	2453518.67135	11.3	--	--
050525A	2453515.502	8.8	0.606 (GMOS: emission)	 GCN 3483 (GMOS)<br><strong>Other:</strong> ApJ, 637, 901, 2006
050509B	2453499.66689	0.073	0.225 (Keck: absorption)	 GCN 3390; GCN 3399 (Keck)<br><strong>Host:</strong> GCN 3386<br><strong>Other:</strong> Nature, 437, 851, 2005
050509A	2453499.57395	11.4	--	--
050505	2453496.47385	58.9	4.27 (Keck: absorption)	 GCN 3368 (Keck)<br><strong>Other:</strong> MNRAS, 368, 1101, 2006
050502B	2453492.89282	17.7	--	--
050422	2453482.82824	59.3	--	--
050421	2453481.67491	15.0	--	--
050418	2453478.95874	82.3	--	--
050416B	2453477.4416	3.4	--	--
050416A	2453476.96162	2.5	0.6535 (Keck: emission)	 GCN 3542 (Keck)<br><strong>Host:</strong> GCN 3542; ApJ, 662, 294, 2007<br><strong>Other:</strong> ApJ, 636, L73, 2006
050412	2453472.73892	26.5	--	--
050410	2453471.01012	42.5	--	--
050406	2453467.16583	5.4	2.44 (UVOT: photometric)	 ApJ, 643, 276, 2006<br><strong>Other:</strong> Science, 309, 1833, 2005<br>ApJ, 643, 276, 2006
050401	2453462.0974	33.3	2.9 (VLT: absorption)	 GCN 3176 (VLT)<br><strong>Other:</strong> MNRAS, 365, 1031, 2006
050326	2453455.91245	29.3	--	--
050319	2453448.89674	152.5	3.24 (NOT: absorption)	 GCN 3136 (NOT)<br><strong>Other:</strong> ApJ, 635, L133, 2005<br>ApJ, 639, 316, 2006<br>ApJ, 639, 311, 2006
050318	2453448.15598	32.0	1.44 (Magellan: absorption)	 GCN 3122 (Magellan)<br><strong>Other:</strong> A&A, 442, L1, 2005<br>ApJ, 635, 1187, 2005
050315	2453445.3748	95.6	1.949 (Magellan: absorption)	 GCN 3101 (Magellan)<br><strong>Other:</strong> ApJ, 635, L133, 2005<br>ApJ, 638, 920, 2006
050306	2453435.64806	158.3	--	--
050223	2453424.63132	22.5	0.5915 (Magellan: emission from host)<br>0.584 (VLT: emission from host)	 GCN 5283 (Magellan); A&A, 459, L5, 2006 (VLT)<br><strong>Host:</strong> GCN 5268 (VLT)<br><strong>Other:</strong> MNRAS, 363, 76P, 2005
050219B	2453421.37906	30.7	--	--
050219A	2453421.02779	23.7	--	--
050215B	2453416.60675	8.1	--	--
050215A	2453416.59409	87.3	--	--
050202	2453403.64948	0.27	--	--
050128	2453398.6805	19.2	--	--
050126	2453397.00062	24.8	1.29 (Keck: emission)	 GCN 3088 (Keck)<br><strong>Other:</strong> Nature, 436, 985, 2005<br>A&A, 449, 89, 2006
050124	2453394.9792	4.0	--	--
050117	2453388.03653	166.6	--	--
041228	2453367.95086	55.4	--	--
041226	2453366.35716	89.7	--	--
041224	2453364.34789	177.2	--	--
041223	2453363.08771	109.1	--	--
041220	2453360.45726	5.6	--	--
041219C	2453359.35456	4.8	--	--
041219B	2453359.15194	30.0	--	--
041219A	2453358.57104	520.0	--	--
041217	2453356.8114	5.8	--	--
